"nama_silver","nama_dim_dosen","prodi","fakultas","judul_proposal","sitasi","doi","jurnal","jurnal_kategori","tanggal_terbit_hari","tanggal_terbit_bulan","tanggal_terbit_tahun"
"Achmad Samudra Dewantara.","","TEKNIK INDUSTRI","FAKULTAS TEKNOLOGI INDUSTRI","Identifikasi Potensi Bahaya Pada UKM Tahu dengan Metode Hazard Identification and Risk Assessment Sebagai Langkah Penerapan Manajemen K3","2","","SINTA 4","NASIONAL","0","0","0"
"Aditya Ayuwulanda, M.si.","","KIMIA","FAKULTAS SAINS","Pelatihan Digital Marketing untuk Meningkatkan Pemasaran Produk Kelompok PKK Desa Patoman","2","","JURNAL NASIONAL","NASIONAL","0","5","2025"
"Aditya Ayuwulanda, M.si.","","KIMIA","FAKULTAS SAINS","Sosialisasi Perilaku Hidup Bersih dan Sehat di Panti Asuhan Darul Amanah Jati Mulyo, Lampung Selatan","2","","JURNAL NASIONAL","NASIONAL","0","0","0"
"Aditya Rianjanu.","","TEKNIK MATERIAL","FAKULTAS TEKNOLOGI INDUSTRI","A polyaniline-enhanced quartz crystal microbalance sensor for room-temperature camphor detection","3","","JURNAL INTERNASIONAL Q2","INTERNASIONAL","0","12","2025"
"Aditya Rianjanu.","","TEKNIK MATERIAL","FAKULTAS TEKNOLOGI INDUSTRI","Tailoring Urchin‐Like Nb2O5 Nanostructures with Molybdenum Doping to Enhance Adsorption Efficiency and Selectivity toward Cationic Dyes in Wastewater Treatment","1","https://doi.org/10.1002/adem.202402287","JURNAL INTERNASIONAL Q2","INTERNASIONAL","0","1","2025"
"Aditya Rianjanu.","","TEKNIK MATERIAL","FAKULTAS TEKNOLOGI INDUSTRI","Tailoring Urchin-Like Nb2O5 Nanostructures with Molybdenum Doping to Enhance Adsorption Efficiency and Selectivity toward Cationic Dyes in Wastewater Treatment","5","","JURNAL INTERNASIONAL Q1","INTERNASIONAL","10","1","2025"
"Aditya Rianjanu.","","TEKNIK MATERIAL","FAKULTAS TEKNOLOGI INDUSTRI","Electrospun Rare-Earth Metal Oxide (CeO2 ) Nanofiber for the Degradation of Congo Red Aqueous Dyes","1","https://doi.org/10.26554/sti.2025.10.1.123-130","JURNAL INTERNASIONAL Q2","INTERNASIONAL","1","1","2025"
"Aditya Rianjanu.","","TEKNIK MATERIAL","FAKULTAS TEKNOLOGI INDUSTRI","3D hierarchical rare-earth metal composite nanofiber membranes for highly durable and efficient photodegradations of organic pollutants","1","https://doi.org/10.1039/d4ma01144a","JURNAL INTERNASIONAL Q1","INTERNASIONAL","0","2","2025"
"Aditya Rianjanu.","","TEKNIK MATERIAL","FAKULTAS TEKNOLOGI INDUSTRI","A polyaniline-enhanced quartz crystal microbalance sensor for room-temperature camphor detection","2","https://doi.org/10.1039/D4AY01859A","JURNAL INTERNASIONAL Q2","INTERNASIONAL","23","1","2025"
"Aditya Wahyu Nugraha.","","TEKNOLOGI INDUSTRI PERTANIAN","FAKULTAS TEKNOLOGI INDUSTRI","PENGARUH BIOKOAGULAN DARI KULIT PISANG KEPOK DAN BIJI KELOR TERHADAP KUALITAS LIMBAH CAIR INDUSTRI TAHU","1","https://doi.org/10.47767/agroindustri.v4i1.989","JURNAL NASIONAL","NASIONAL","17","3","2025"
"Adnin Musadri Asbi, S.hut., M.sc.","","PERENCANAAN WILAYAH DAN KOTA","FAKULTAS TEKNOLOGI INDUSTRI DAN KEWILAYAHAN","Spatial Modeling of Tidal Flood Hazard and Mitigation Efforts in the Coastal Area of Bandar Lampung City, Indonesia.","1","","JURNAL INTERNASIONAL Q3","INTERNASIONAL","0","2","2025"
"Adnin Musadri Asbi, S.hut., M.sc.","","PERENCANAAN WILAYAH DAN KOTA","FAKULTAS TEKNOLOGI INDUSTRI DAN KEWILAYAHAN","Spatial Modeling of Tidal Flood Hazard and Mitigation Efforts in the Coastal Area of Bandar Lampung City, Indonesia.","1","","JURNAL INTERNASIONAL Q3","INTERNASIONAL","0","2","2025"
"Aldila Nur Indah Berliana Ratam.","","SAINS AKTUARIA","FAKULTAS SAINS","PERHITUNGAN CADANGAN ASURANSI JIWA BERJANGKA DENGAN METODE FULL PRELIMINARY TERM DAN ESTIMASI TINGKAT SUKU BUNGA EXTENDED VASICEK BERBASIS ORDINARY LEAST SQUARE","1","https://doi.org/10.46306/lb.v6i2.1026","SINTA 5","NASIONAL","7","7","2025"
"Alvin Pratama.","","SAINS ATMOSFER DAN KEPLANETAN","FAKULTAS SAINS","Utilisation of WRF-HYSPLIT modelling approach and GEMS to identify PM2. 5 sources in Central Kalimantan&#8211;study case: 2023 forest fire","3","https://doi.org/10.1071/ES24006","JURNAL INTERNASIONAL Q1","INTERNASIONAL","10","1","2025"
"Alvin Pratama.","","SAINS ATMOSFER DAN KEPLANETAN","FAKULTAS SAINS","The performance of the weather research &amp; forecasting model (WRF) using ensemble method to predict weather parameters","1","","PROSIDING INTERNASIONAL","INTERNASIONAL","0","1","2025"
"Andhyka Tyaz Nugraha.","","TEKNIK INDUSTRI","FAKULTAS TEKNOLOGI INDUSTRI","Pengendalian Kualitas Dengan Pendekatan Metode Statistical Process Control, FMEA, Dan Kaizen Di PT. Surya Tsabat Mandiri","1","https://doi.org/10.64670/invasi.v2i2.11347","JURNAL NASIONAL","NASIONAL","0","3","2025"
"Andika Setiawan.","","TEKNIK INFORMATIKA","FAKULTAS TEKNOLOGI INDUSTRI","Analisis Perbandingan Metode Convolutional Neural Network (CNN) untuk Deteksi Warna pada Objek","3","","SINTA 4","NASIONAL","0","6","2025"
"Andre Febrianto.","","TEKNIK INFORMATIKA","FAKULTAS TEKNOLOGI INDUSTRI","Implementasi Pendidikan Spiritual Berbasis Hadis Dalam Mengatasi Krisis Moral Remaja di Era Modern","3","","SINTA 5","NASIONAL","30","1","2025"
"Andre Febrianto.","","TEKNIK INFORMATIKA","FAKULTAS TEKNOLOGI INDUSTRI","Analisis Hubungan Kepribadian Siswa dengan Karakteristik Kognitif dan Afektif dalam Pembelajaran: Kajian Studi Literatur","1","","SINTA 5","NASIONAL","24","5","2025"
"Apt. Novrilia Atika Nabila, S.farm., M.clin.pharm.","","FARMASI","FAKULTAS SAINS","Strengthening Rural Communities with Smart Village Approaches: A Case Study of Teratak Village","1","","JURNAL NASIONAL","NASIONAL","0","1","2025"
"Ardika Satria, M.si.","","SAINS DATA","FAKULTAS SAINS","Prediksi Hasil Panen Tanaman Pangan Sumatera dengan Metode Machine Learning","17","","SINTA 5","NASIONAL","0","1","2025"
"Arif Ashari.","","KIMIA","FAKULTAS SAINS","Development of flavonoid-loaded chitosan composite from Kalanchoe pinnata for antibacterial applications","1","","JURNAL INTERNASIONAL Q1","INTERNASIONAL","0","3","2025"
"Aulia Annas Mufti.","","TEKNIK LINGKUNGAN","FAKULTAS TEKNOLOGI INDUSTRI DAN KEWILAYAHAN","Kinetic Investigation on Thermal Degradation of Empty Oil Palm Bunches Pyrolysis","6","https://doi.org/10.3311/PPch.38233","JURNAL INTERNASIONAL Q3","INTERNASIONAL","0","3","2025"
"Bayu Prasetya.","","TEKNIK MATERIAL","FAKULTAS TEKNOLOGI INDUSTRI","Mechanical Properties of Sugarcane Bagasse Fiber Composites: Epoxy vs Polyester Resin Matrices","1","","SINTA 4","NASIONAL","31","1","2025"
"Bilal Al Farishi.","","TEKNIK GEOLOGI","FAKULTAS TEKNOLOGI INDUSTRI","GEODIVERSITY AND GEOHERITAGE POTENTIAL OF BASALT CAVES IN GIRIMULYO VILLAGE, EAST LAMPUNG, INDONESIA","12","","JURNAL INTERNASIONAL","INTERNASIONAL","0","2","2025"
"Bilal Al Farishi.","","TEKNIK GEOLOGI","FAKULTAS TEKNOLOGI INDUSTRI","Hydro-Geochemical Assessment of Groundwater Quality Of Muda River Basin, Kedah Malaysia","6","https://doi.org/10.11113/mjfas.v21n1.3368","JURNAL INTERNASIONAL Q3","INTERNASIONAL","21","2","2025"
"Bilal Al Farishi.","","TEKNIK GEOLOGI","FAKULTAS TEKNOLOGI INDUSTRI","Geodiversity and geoheritage potential of basalt caves in Girimulyo Village, east Lampung, Indonesia: A mixed-method assessment approach","12","","JURNAL NASIONAL","NASIONAL","0","7","2025"
"Burhaan Shodiq.","","REKAYASA KEOLAHRAGAAN","FAKULTAS TEKNOLOGI INDUSTRI","Training Up and Down Stairs for 50 Meter Freestyle Swimming Speed at Win&#39;s Swimming Course Swimming Club","1","https://doi.org/10.53863/mor.v5i1.1524","SINTA 4","NASIONAL","11","6","2025"
"D Hariyanto, A Miranto, D Naufal, Mn Rafif, Mp Hernanda, I Marvie.","","TEKNIK ELEKTRO","FAKULTAS TEKNOLOGI INDUSTRI","Rancang Bangun Perangkat Instrumentasi dan Kontrol Bioreaktor Cascara Berbasis Raspberry Pi","1","","SINTA 4","NASIONAL","1","3","2025"
"Dadang Hartabela.","","ARSITEKTUR","FAKULTAS TEKNOLOGI INDUSTRI DAN KEWILAYAHAN","Entrepreneurship Training for Students of Tahsinul Khuluq Islamic Boarding School","1","https://doi.org/10.36448/jpmtb.v4i1.120","JURNAL NASIONAL","NASIONAL","13","5","2025"
"Damayanti.","","TEKNIK KIMIA","FAKULTAS TEKNOLOGI INDUSTRI","Immobilization of Enzymes on Electrodes and Electrode Design in Biofuel Cells","6","https://doi.org/10.3390/catal15030253","JURNAL INTERNASIONAL Q2","INTERNASIONAL","6","3","2025"
"David Septian Sumanto Marpaung.","","TEKNIK BIOSISTEM","FAKULTAS TEKNOLOGI INDUSTRI","Activated single nucleotide mismatch determination through toehold-embedded hairpin-mediated strand displacement reaction alongside CRISPR-Cas12a for detection of TP53 point mutation","6","https://doi.org/10.1016/j.snb.2024.136751","JURNAL INTERNASIONAL Q1","INTERNASIONAL","0","1","2025"
"David Septian Sumanto Marpaung.","","TEKNIK BIOSISTEM","FAKULTAS TEKNOLOGI INDUSTRI","Activated single nucleotide mismatch determination through toehold-embedded hairpin-mediated strand displacement reaction alongside CRISPR-Cas12a for detection of TP53 point &#8230;","6","https://doi.org/10.1016/j.snb.2024.136751","JURNAL INTERNASIONAL Q1","INTERNASIONAL","15","1","2025"
"Deska Lismawenning Puspitarum.","","FISIKA","FAKULTAS SAINS","Novel magnetically recoverable MnFe2O4/TiO2 nanocomposites synthesized using green route for photocatalytic degradation of methylene blue","5","https://doi.org/10.1016/j.watcyc.2024.11.001","JURNAL INTERNASIONAL Q1","INTERNASIONAL","23","1","2025"
"Deska Lismawenning Puspitarum.","","FISIKA","FAKULTAS SAINS","Green synthesized CoFe2O4/rGO nanocomposites utilizing plant leaf extracts as magnetically separable and reusable photocatalysts for organic toxic dye degradation","6","https://doi.org/10.1016/j.jwpe.2024.106708","JURNAL INTERNASIONAL Q1","INTERNASIONAL","0","1","2025"
"Deska Lismawenning Puspitarum.","","FISIKA","FAKULTAS SAINS","Green synthesized CoFe2O4/rGO nanocomposites utilizing plant leaf extracts as magnetically separable and reusable photocatalysts for organic toxic dye degradation","1","https://doi.org/10.1016/j.jwpe.2024.106708","JURNAL INTERNASIONAL Q1","INTERNASIONAL","0","1","2025"
"Dr. Apt. Anjar Hermadi Saputro, S.farm., M.pharm.sci.","","FARMASI","FAKULTAS SAINS","Perbandingan Metode Ekstraksi Maserasi, Sokletasi, Dan Sonikasi Terhadap Nilai Rendemen Ekstrak Rimpang Kunyit (Curcuma Longa L.)","3","","JURNAL NASIONAL","NASIONAL","0","5","2025"
"Dss Marpaung, Ss Jiang, Wt Fang, Yc Liao, Mc Chuang.","","TEKNIK BIOSISTEM","FAKULTAS TEKNOLOGI INDUSTRI","Activated single nucleotide mismatch determination through toehold-embedded hairpin-mediated strand displacement reaction alongside CRISPR-Cas12a for detection of TP53 point &#8230;","6","","JURNAL INTERNASIONAL Q1","INTERNASIONAL","15","1","2025"
"Eka Nurfani.","","TEKNIK MATERIAL","FAKULTAS TEKNOLOGI INDUSTRI","Effect of TiO2: Zn layer thickness on the performance of MAPbI3-based perovskite solar cells fabricated under open-air condition","5","","JURNAL INTERNASIONAL Q1","INTERNASIONAL","0","7","2025"
"Elian Zhafira.","","TEKNIK SIPIL","FAKULTAS TEKNOLOGI INDUSTRI DAN KEWILAYAHAN","ANALISIS TINGKAT PENERAPAN SISTEM MANAJEMEN KESELAMATAN KONSTRUKSI (SMKK) PADA PROYEK KONSTRUKSI GEDUNG DI BANDAR LAMPUNG","1","","SINTA 5","NASIONAL","30","5","2025"
"Fajar Paundra.","","TEKNIK MESIN","FAKULTAS TEKNOLOGI INDUSTRI","THE EFFECT OF VARIATIONS IN PVC FOAM CORE THICKNESS ON THE FAILURE ANALYSIS OF BENDING TEST IN SANDWICH COMPOSITE","1","","SINTA 3","NASIONAL","31","1","2025"
"Fajar Paundra.","","TEKNIK MESIN","FAKULTAS TEKNOLOGI INDUSTRI","Pengaruh Variasi Perekat Terhadap Karakteristik Bahan Bakar Briket Cangkang Kelapa Sawit","2","https://doi.org/10.31884/jtt.v11i1.623","SINTA 4","NASIONAL","0","3","2025"
"Febriyadi.","","TEKNIK PERKERETAAPIAN","FAKULTAS TEKNOLOGI INDUSTRI DAN KEWILAYAHAN","Evaluasi Peningkatan Pelayanan Kereta Api di Stasiun Tanjung Karang Menggunakan Metode Evaluasi dan Analisis SWOT","1","","SINTA 5","NASIONAL","0","0","0"
"Fuji Lestari.","","SAINS AKTUARIA","FAKULTAS SAINS","PERHITUNGAN PREMI ASURANSI PERTANIAN BERDASARKAN INDEKS IKLIM CURAH HUJAN DENGAN MENGGUNAKAN METODE BLACK-SCHOLES DI PROVINSI LAMPUNG","1","https://doi.org/10.46306/lb.v6i1.956","SINTA 5","NASIONAL","3","3","2025"
"Gres Maretta.","","BIOLOGI","FAKULTAS SAINS","Diversity of Pollinator Insects in the Kebun Raya Institut Teknologi Sumatera","1","","SINTA 4","NASIONAL","7","6","2025"
"Gres Maretta.","","BIOLOGI","FAKULTAS SAINS","DIVERSITY OF THE ORTHOPTERA AT THE INSTITUT TEKNOLOGI SUMATERA","1","https://doi.org/10.51673/jips.v6i1.2438","SINTA 3","NASIONAL","0","3","2025"
"Hadi Teguh Yudistira.","","TEKNIK MESIN","FAKULTAS TEKNOLOGI INDUSTRI","CO2 hydrogenation to HCOOH on PdZn surface and supported PdZn Cluster: A Comparative DFT study","1","https://doi.org/10.1016/j.apsusc.2024.162095","JURNAL INTERNASIONAL Q1","INTERNASIONAL","15","3","2025"
"Harlina Ardiyanti, M.sc.","","FISIKA","FAKULTAS SAINS","Eco-friendly TiO2-doped Fe3O4/rGO nanocomposites synthesized using plant extracts for photodegradation of organic dye","1","","JURNAL INTERNASIONAL Q1","INTERNASIONAL","0","0","0"
"Harry Yuliansyah.","","TEKNIK ELEKTRO","FAKULTAS TEKNOLOGI INDUSTRI","Teknologi Hijau dalam Industri Pangan","1","","BUKU","LAINNYA","0","0","2025"
"Hermon Frederik Tambunan, S.t., M.t.","","TEKNIK SIPIL","FAKULTAS TEKNOLOGI INDUSTRI DAN KEWILAYAHAN","Statistical Approach of Additive Effect on Volumetric Characteristics of Asphalt Mixtures","1","","PROSIDING INTERNASIONAL","INTERNASIONAL","0","2","2025"
"Iffa Afiqa Khairani.","","BIOLOGI","FAKULTAS SAINS","Phytochemical Compound, Antioxidant and Antibacterial Properties of Sargassum sp. Extracts from Pahawang Island, Lampung Province","1","","SINTA 3","NASIONAL","0","3","2025"
"Ig Andirasdini, A Sofia, M Rivai, D Mahrani, T Yulita, Se Irwan.","","SAINS AKTUARIA","FAKULTAS SAINS","Literasi Pemanfaatan Software JASP Untuk Meningkatkan Keterampilan Statistik Guru di MAN 1 Bandar Lampung","2","","JURNAL NASIONAL","NASIONAL","0","0","0"
"Intan Mardiono.","","TEKNIK INDUSTRI","FAKULTAS TEKNOLOGI INDUSTRI","Experimental and Numerical Investigation of Porosity Characteristics on the Variability in Mechanical Properties of High-Pressure Die Casting (HPDC) AlSi12MgMn Alloys of the &#8230;","1","","JURNAL INTERNASIONAL Q1","INTERNASIONAL","0","6","2025"
"Intan Mardiono.","","TEKNIK INDUSTRI","FAKULTAS TEKNOLOGI INDUSTRI","ANN-enhanced determination and numerical model integration of activation energy and Zener–Hollomon parameter to evaluate microstructure evolution of AA6082 wheel forging","1","","JURNAL INTERNASIONAL Q1","INTERNASIONAL","0","10","2025"
"Isye Susana Nurhasanah.","","PARIWISATA","FAKULTAS TEKNOLOGI INDUSTRI DAN KEWILAYAHAN","Youth engagement in ecotourism and community-based development: experiences and lessons from Pahawang Island, Indonesia","1","https://doi.org/10.1080/14724049.2025.2507876","JURNAL INTERNASIONAL Q1","INTERNASIONAL","0","5","2025"
"Iwan Saputra Agusman, Iswahyudi.","","REKAYASA KOSMETIK","FAKULTAS TEKNOLOGI INDUSTRI","AUTOMATIC PALM COUNTING DENGAN METODE TEMPLATE MATCHING (STUDI KASUS DI UNIVERSITAS SAMUDRA)","1","","SINTA 3","NASIONAL","1","1","2025"
"Jabosar Ronggur Hamonangan Panjaitan.","","TEKNIK FISIKA","FAKULTAS TEKNOLOGI INDUSTRI","KINETIC AND TECHNO-ECONOMIC EVALUATION OF BACTERIAL CELLULOSE PRODUCTION FROM PAPAYA PEEL","6","https://doi.org/10.11113/aej.V15.22066","JURNAL INTERNASIONAL Q4","INTERNASIONAL","0","3","2025"
"Jatmiko Eko Witoyo.","","TEKNOLOGI INDUSTRI PERTANIAN","FAKULTAS TEKNOLOGI INDUSTRI","Effect of Adding Different Active Substances on Inhibition Zone Diameter and Microstructural Properties of Composite Bioplastics","1","","SINTA 3","NASIONAL","0","1","2025"
"Jatmiko Eko Witoyo.","","TEKNOLOGI INDUSTRI PERTANIAN","FAKULTAS TEKNOLOGI INDUSTRI","Kajian Potensi Tepung Umbi Uwi Ungu (Dioscorea alata) Asal Kalimantan Barat sebagai Kandidat Bahan Baku Pembuatan Bioplastik","1","https://doi.org/10.30997/jiph.v7i1.16099","SINTA 4","NASIONAL","17","3","2025"
"Joko Nugroho.","","REKAYASA TATA KELOLA AIR TERPADU","FAKULTAS TEKNOLOGI INDUSTRI DAN KEWILAYAHAN","ANALYSIS OF SEDIMENT CHARACTERISTICS AND FLOW DYNAMICS AFTER NORMALIZATION OF THE CITARUMMAJALAYA RIVER IN INDONESIA","2","https://doi.org/10.1016/j.rineng.2025.106943","JURNAL INTERNASIONAL Q3","INTERNASIONAL","0","0","0"
"Khairurrijal.","","FISIKA","FAKULTAS SAINS","Investigating the Physical Characteristics of Starch/Gelatin Hydrogels using Freezing-Thawing Method","6","","JURNAL INTERNASIONAL","INTERNASIONAL","0","0","0"
"Khansa Salsabila Suhaimi.","","TEKNIK ELEKTRO","FAKULTAS TEKNOLOGI INDUSTRI","PENERAPAN SISTEM AUTOMASI PEMBERIAN PAKAN PADA BUDIDAYA LELE METODA BIOFLOK DI DESA WAY HUI KECAMATAN JATI AGUNG","1","https://doi.org/10.31970/abditani.v8i1.350","SINTA 4","NASIONAL","0","0","0"
"Leslie Anggraini, S.kom., M. Cs.","","TEKNIK INFORMATIKA","FAKULTAS TEKNOLOGI INDUSTRI","Evaluasi Logistic Regression dan Neural Network pada Klasifikasi Gagal Jantung Berbasis Threshold","2","","SINTA 4","NASIONAL","0","6","2025"
"M Gilang Indra Mardika.","","TEKNIK SIPIL","FAKULTAS TEKNOLOGI INDUSTRI DAN KEWILAYAHAN","Perancangan bangunan pelindung pantai dalam penanganan abrasi (studi kasus: Pantai Caruban, Jawa Tengah)","1","","SINTA 4","NASIONAL","0","0","0"
"Madi, Muhammad Gufran Nurendrawan Bangsa, Bintari Citra Kurniawan.","","TEKNIK SISTEM ENERGI","FAKULTAS TEKNOLOGI INDUSTRI","Experimental Study of Integrated Fan Turbine in Oscillating Water Column with Valve System in Venturi Directional and Solar Energy as Hybrid Energy Converter","1","https://doi.org/10.55981/wave.2025.10540","SINTA 4","NASIONAL","30","6","2025"
"Mahardika Yoga Darmawan.","","FISIKA","FAKULTAS SAINS","Microstructures, optical, magnetic properties, and specific absorption rate of novel magnetite/mesoporous silica nanoparticles synthesized using green route for magnetic &#8230;","2","","JURNAL INTERNASIONAL Q1","INTERNASIONAL","0","1","2025"
"Mahardika Yoga Darmawan.","","FISIKA","FAKULTAS SAINS","Photodegradation of organic water pollutants using magnetically separable and reusable novel Ag-doped Fe3O4/TiO2 nanocomposites synthesized by green route","4","","JURNAL INTERNASIONAL Q2","INTERNASIONAL","0","0","2025"
"Maqbul, S.t. M.sc.","","ARSITEKTUR","FAKULTAS TEKNOLOGI INDUSTRI DAN KEWILAYAHAN","Enhancing Measuring Reliability: Calibration and Validation of IoT-based DC Power Logger","1","","SINTA 3","NASIONAL","0","3","2025"
"Maria Yosephine Simbolon.","","TEKNIK KELAUTAN","FAKULTAS TEKNOLOGI INDUSTRI DAN KEWILAYAHAN","Literature Review: Identifikasi Mikroplastik Terhadap Lingkungan Laut Dan Biota Laut","1","","SINTA 4","NASIONAL","1","3","2025"
"Mariyam.","","KIMIA","FAKULTAS SAINS","Effect of calcination temperature on the preparation of mineral trioxide aggregate from nano silica and clam shells calcium carbonate for endodontic applications","1","","JURNAL INTERNASIONAL Q3","INTERNASIONAL","0","7","2025"
"Martin C. T. Manullang.","","TEKNIK INFORMATIKA","FAKULTAS TEKNOLOGI INDUSTRI","Integrating Gradient Boosting and Parametric Architecture for Optimizing Energy Use Intensity in Net-Zero Energy Buildings","6","https://doi.org/10.28991/CEJ-2025-011-03-06","JURNAL INTERNASIONAL Q1","INTERNASIONAL","0","3","2025"
"Md Kusrini, Rk Tohir, Mm Hasibuan, R Aprilianti, S Sunarto, A Mardiastuti.","","REKAYASA KEHUTANAN","FAKULTAS TEKNOLOGI INDUSTRI","Research trends and outlook for Indonesia&#8217;s most threatened land vertebrates","1","","JURNAL INTERNASIONAL Q2","INTERNASIONAL","27","8","2025"
"Mira Mustika.","","MATEMATIKA","FAKULTAS SAINS","Comparative Analysis of CIH and Christofides Algorithms for Optimal Tourist Route Planning in West Java","1","","JURNAL INTERNASIONAL","INTERNASIONAL","0","7","2025"
"Misbahudin Alhanif.","","TEKNIK KIMIA","FAKULTAS TEKNOLOGI INDUSTRI","Unlocking the prebiotic carbohydrates: Insights into the types, preparation, health benefits and future utilizations of selected Indonesian exotic fruit seeds as a potential &#8230;","2","","JURNAL INTERNASIONAL Q1","INTERNASIONAL","0","0","0"
"Miskar Maini.","","TEKNIK SIPIL","FAKULTAS TEKNOLOGI INDUSTRI DAN KEWILAYAHAN","Karakteristik Koefisien Kekasaran Manning pada Aliran dengan Transpor Sedimen di Sungai Way Lunik","1","","SINTA 5","NASIONAL","0","0","0"
"Miskar Maini.","","TEKNIK SIPIL","FAKULTAS TEKNOLOGI INDUSTRI DAN KEWILAYAHAN","IDENTIFIKASI KARAKTERISTIK DISTRIBUSI UKURAN BUTIR DAN KETIDAKSERAGAMAN SEDIMEN PADA SUNGAI WAY LUNIK","1","https://doi.org/10.52447/jkts.v10i1.8133","SINTA 2","NASIONAL","0","3","2025"
"Miskar Maini.","","TEKNIK SIPIL","FAKULTAS TEKNOLOGI INDUSTRI DAN KEWILAYAHAN","Pendampingan Teknis Identifikasi Pedagang untuk Proyek Relokasi dan Perluasan Pasar Muntok di Kabupaten Bangka Barat","5","https://doi.org/10.59837/jpmba.v2i12.2032","JURNAL NASIONAL","NASIONAL","12","2","2025"
"Miskar Maini.","","TEKNIK SIPIL","FAKULTAS TEKNOLOGI INDUSTRI DAN KEWILAYAHAN","Kolaborasi Pemangku Kepentingan dalam Identifikasi Penentuan Lokasi Pembangunan Gedung Galeri Dekranasda Kota Pangkalpinang","5","https://doi.org/10.59837/jpmba.v2i12.2031","JURNAL NASIONAL","NASIONAL","12","2","2025"
"Mochammad Fathurridho Hermanto.","","TEKNIK KELAUTAN","FAKULTAS TEKNOLOGI INDUSTRI DAN KEWILAYAHAN","Western Lampung Offshore Wind and Wave Data Correlation Analysis","1","https://doi.org/10.35472/jsat.v8i2.2012","SINTA 3","NASIONAL","0","2","2025"
"Mohamad Idris.","","TEKNIK INFORMATIKA","FAKULTAS TEKNOLOGI INDUSTRI","Pemanfaatan Kecerdasan Buatan sebagai Alat Bantu Diagnosis di Bidang Kesehatan: Literatur Review: Mohamad Idris, Angga Wijaya, Linda Septiani, Terza Aflika Happy, Risti Graharti","2","https://doi.org/10.23960/jkunila.v9i1.pp117-121","JURNAL NASIONAL","NASIONAL","29","6","2025"
"Mugi Praseptiawan.","","TEKNIK INFORMATIKA","FAKULTAS TEKNOLOGI INDUSTRI","Investigation of Malware Redline Stealer using Static and Dynamic Analysis Method Forensic","6","https://doi.org/10.37934/araset.48.2.4962","JURNAL INTERNASIONAL Q2","INTERNASIONAL","0","6","2025"
"Mugi Praseptiawan.","","TEKNIK INFORMATIKA","FAKULTAS TEKNOLOGI INDUSTRI","A Forensic Intelligence System for Identification of Data Originality Based on Signature Files","1","https://doi.org/10.37934/araset.48.1.193204","JURNAL INTERNASIONAL Q2","INTERNASIONAL","0","6","2025"
"Muhammad Abdul Mubdi Bindar.","","PERENCANAAN WILAYAH DAN KOTA","FAKULTAS TEKNOLOGI INDUSTRI DAN KEWILAYAHAN","Pengembangan Lampu Jalan Otomatis Berbasis Sensor Cahaya Sebagai Infrastruktur Cerdas di Desa Sukajadi Lampung","2","https://doi.org/10.21107/pangabdhi.v11i1.29471","SINTA 4","NASIONAL","0","0","0"
"Muhammad Arhan Rajab.","","SAINS LINGKUNGAN KELAUTAN","FAKULTAS SAINS","KKN Pemberdayaan Masyarakat Pesisir dalam Bidang Pendidikan, Kesehatan dan Teknologi Informasi Untuk Mendukung Pengembangan Desa Wisata Kelawi Mandiri dan Berkelanjutan","1","","SINTA 4","NASIONAL","0","0","0"
"Muhammad Asril.","","BIOLOGI","FAKULTAS SAINS","Microbiological Status of Three Quality Categories Tiger Shrimp After Land Distribution Process (Case Study: Selili Fishing Port, Samarinda, Indonesia).","1","https://doi.org/10.22034/FSCT.21.155.103","JURNAL INTERNASIONAL Q3","INTERNASIONAL","0","0","0"
"Muhammad Asril.","","BIOLOGI","FAKULTAS SAINS","Improved eumelanin production, phenolic content, flavonoid content, and antioxidant activity by Streptomyces lasalocidi NTB 42 following copper sulfate supplementation","6","https://doi.org/10.1016/j.bcab.2025.103602","JURNAL INTERNASIONAL Q1","INTERNASIONAL","0","0","0"
"Muhammad Hakiem Sedo Putra.","","REKAYASA TATA KELOLA AIR TERPADU","FAKULTAS TEKNOLOGI INDUSTRI DAN KEWILAYAHAN","Analisa Komposisi Sampah yang Dihasilkan Berdasarkan Sifat dan Karakternya di Kampus Institut Teknologi Sumatera 2023","1","","SINTA 5","NASIONAL","0","1","2025"
"Muhammad Hakiem Sedo Putra.","","REKAYASA TATA KELOLA AIR TERPADU","FAKULTAS TEKNOLOGI INDUSTRI DAN KEWILAYAHAN","Analisis Kebutuhan Air Irigasi Menggunakan Software Cropwat 8.0 (Studi Kasus: Daerah Irigasi Sekampung Batanghari)","1","","SINTA 2","NASIONAL","17","3","2025"
"Muhammad Hakiem Sedo Putra.","","REKAYASA TATA KELOLA AIR TERPADU","FAKULTAS TEKNOLOGI INDUSTRI DAN KEWILAYAHAN","Waste Power Plant as an Innovative Solution to Overcome Air Pollution in Bantargebang Integrated Waste Management Facility","1","","SINTA 4","NASIONAL","0","6","2025"
"Muhammad Yasin Siregar.","","TEKNIK MATERIAL","FAKULTAS TEKNOLOGI INDUSTRI","Tensile strength of epoxy hybrid composites reinforced with coconut and sugarcane fibers","1","","SINTA 4","NASIONAL","31","5","2025"
"Muhammad Yogi Saputra.","","KIMIA","FAKULTAS SAINS","Microwave-assisted synthesis of risperidone in methylimidazolium-based ionic liquids media","1","https://doi.org/10.1016/j.molliq.2025.128664","JURNAL INTERNASIONAL Q1","INTERNASIONAL","16","10","2025"
"Muhammad Zainal Ibad.","","PERENCANAAN WILAYAH DAN KOTA","FAKULTAS TEKNOLOGI INDUSTRI DAN KEWILAYAHAN","Stakeholder dynamics on green port transformation: A socio-technical regime approach","2","https://doi.org/10.24294/jipd7640","JURNAL INTERNASIONAL","INTERNASIONAL","0","1","2025"
"Na Nabila, Ma Karim, Ad Akhmad.","","FARMASI","FAKULTAS SAINS","Characteristics and evaluation of potential drug interactions among HIV/AIDS outpatients: a retrospective study at primary health center in a North Lampung regency, Indonesia","1","","JURNAL INTERNASIONAL Q3","INTERNASIONAL","30","6","2025"
"Nabila Putriyandri Alifa.","","TEKNIK LINGKUNGAN","FAKULTAS TEKNOLOGI INDUSTRI DAN KEWILAYAHAN","Penguatan perilaku hidup bersih dan sehat (PHBS) pada siswa: Studi kasus di SDN 02 Way Huwi","1","","JURNAL NASIONAL","NASIONAL","0","0","0"
"Nirmawana Simarmata.","","TEKNIK GEOMATIKA","FAKULTAS TEKNOLOGI INDUSTRI DAN KEWILAYAHAN","Analisis Spasial Risiko Bencana Kebakaran Hutan Dan Lahan Di Kabupaten Pesawaran","1","https://doi.org/10.22236/jgel.v9i1.14520","SINTA 3","NASIONAL","30","1","2025"
"Novita Hillary Christy Damanik.","","ARSITEKTUR","FAKULTAS TEKNOLOGI INDUSTRI DAN KEWILAYAHAN","STUDI NILAI TRANSFER PANAS KESELURUHAN PADA SELUBUNG BANGUNAN PUSAT KEGIATAN MAHASISWA","1","https://doi.org/10.30630/jipr.20.2.395","SINTA 5","NASIONAL","0","0","2025"
"Novrilia Nabila.","","FARMASI","FAKULTAS SAINS","Strengthening Rural Communities With Smart Village Approaches: A Case Study Of Teratak Village","2","","SINTA 2","NASIONAL","30","1","2025"
"Nur Istiqomah Khamidy.","","TEKNIK MATERIAL","FAKULTAS TEKNOLOGI INDUSTRI","Simple preparation of metal alloys by sol&#8211;gel autocombustion method","1","","JURNAL INTERNASIONAL Q2","INTERNASIONAL","0","3","2025"
"Nurbaiti.","","TEKNOLOGI INDUSTRI PERTANIAN","FAKULTAS TEKNOLOGI INDUSTRI","Analisis Penerapan HACCP pada Produksi Keripik Pisang Muli dengan Penggorengan Vakum di UMKM Bandar Lampung","1","https://doi.org/10.23960/jge.v11i2.495","JURNAL NASIONAL","NASIONAL","0","0","0"
"Okti Ruenda.","","TEKNOLOGI PANGAN","FAKULTAS TEKNOLOGI INDUSTRI","MICRO BUSINESS PERCEPTIONS ON THE DEVELOPMENT OF LOCAL PROCESSED FOOD PRODUCTS IN SEMARANG REGENCY","3","","SINTA 3","NASIONAL","0","0","0"
"Prio Santoso.","","KIMIA","FAKULTAS SAINS","A Novel Synthesis of Anti-Cancer Drug Gefitinib from 6,7-Dimethoxy-3H-Quinazolin-4-One","1","","JURNAL INTERNASIONAL Q2","INTERNASIONAL","0","0","2025"
"Putra Andi Kolala.","","TEKNIK KIMIA","FAKULTAS TEKNOLOGI INDUSTRI","Experimental Study on the Effect of Addition Micro Additives Zinc Oxide and Graphite Powder at Biodiesel to Decrease the Pressure Drop of Microchannels.","1","","SINTA 1","NASIONAL","0","1","2025"
"Putri Amelia Rooswita.","","FARMASI","FAKULTAS SAINS","Gambaran Pengelolaan Emergency Trolley di Rumah Sakit Umum Daerah Pringsewu, Lampung","1","","SINTA 1","NASIONAL","7","1","2025"
"Putty Yunesti, M.eng.","","TEKNIK SISTEM ENERGI","FAKULTAS TEKNOLOGI INDUSTRI","Perancangan Sistem Pembangkit Listrik Tenaga Surya (PLTS) Off-Grid Pada Gedung Perkuliahan","2","https://doi.org/10.37680/jcd.v7i1.6965","SINTA 5","NASIONAL","0","6","2025"
"Rahmat Kurniawan.","","TEKNIK SIPIL","FAKULTAS TEKNOLOGI INDUSTRI DAN KEWILAYAHAN","Kajian Daya Dukung Aksial Fondasi Tiang Bor pada Tanah Tufa Berdasarkan Uji PDA di Gedung Laboratorium Teknik 3 ITERA","3","https://doi.org/10.33772/jmk.v10i1.112","JURNAL NASIONAL","NASIONAL","0","0","0"
"Rifka Noor Azizah.","","TEKNIK LINGKUNGAN","FAKULTAS TEKNOLOGI INDUSTRI DAN KEWILAYAHAN","PERKEMBANGAN PENELITIAN PENDIDIKAN LINGKUNGAN HIDUP DI KAWASAN ASIA TENGGARA SELAMA KURUN WAKTU 1991 - 2025","1","","SINTA 4","NASIONAL","0","8","2025"
"Rifky Fauzi.","","MATEMATIKA","FAKULTAS SAINS","Simulasi Numerik Pengaruh Lebar dan Kerapatan Mangrove terhadap Atenuasi Gelombang di Perairan Dangkal","1","https://doi.org/10.17509/jem.v13i1.81516","SINTA 5","NASIONAL","2","5","2025"
"Rio Ardiansyah Murda.","","REKAYASA KEHUTANAN","FAKULTAS TEKNOLOGI INDUSTRI","Karakteristik Biobriket Arang Campuran Limbah Batang Singkong dan Kayu Kaliandra pada Berbagai Variasi Komposisi","1","https://doi.org/10.55338/jumin.v6i3.6583","SINTA 5","NASIONAL","22","7","2025"
"Riri Fauziyya.","","FARMASI","FAKULTAS SAINS","Halothermophilic Cas9 and dCas9 Interaction with Variety sgRNA In-silico","6","https://doi.org/10.14716/ijtech.v16i1.7367","JURNAL INTERNASIONAL Q2","INTERNASIONAL","31","1","2025"
"Rizki Kurnia Tohir.","","REKAYASA KEHUTANAN","FAKULTAS TEKNOLOGI INDUSTRI","Keanekaragaman Satwa Liar dan Rencana Konservasi di Areal Operasional Pembangkit Listrik Tenaga Panas Bumi (PLTP) Ulu Belu [Wildlife Diversity and Conservation Planning in Ulu &#8230;","3","https://doi.org/10.47349/jbi/21012025/33","SINTA 3","NASIONAL","0","5","2025"
"Rizqi Wahyudi.","","TEKNIK INDUSTRI","FAKULTAS TEKNOLOGI INDUSTRI","Pelatihan literasi digital di sman 15 seram bagian barat","1","https://doi.org/10.33480/abdimas.v7i1.6259","SINTA 4","NASIONAL","0","0","0"
"Sarwono Sutikno.","","TEKNIK INFORMATIKA","FAKULTAS TEKNOLOGI INDUSTRI","Identifying and Validating Critical Factors in Designing a Comprehensive Data Protection Impact Assessment (DPIA) Framework for Indonesia.","2","","JURNAL INTERNASIONAL Q3","INTERNASIONAL","0","2","2025"
"Sarwono Sutikno.","","TEKNIK INFORMATIKA","FAKULTAS TEKNOLOGI INDUSTRI","Identifying and Validating Critical Factors in Designing a Comprehensive Data Protection Impact Assessment (DPIA) Framework for Indonesia","6","https://doi.org/10.18280/ijsse.150113","JURNAL INTERNASIONAL Q3","INTERNASIONAL","22","1","2025"
"Satrio Muhammad Alif.","","TEKNIK GEOMATIKA","FAKULTAS TEKNOLOGI INDUSTRI DAN KEWILAYAHAN","Impact of baseline length on uncertainty in static relative GNSS positioning","6","https://doi.org/10.1515/jag-2024-0090","JURNAL INTERNASIONAL Q2","INTERNASIONAL","0","1","2025"
"Sb Triyanti, Fp Lestari, Pan Fitriana, Hr Rostiana, Dd Silalahi.","","REKAYASA KOSMETIK","FAKULTAS TEKNOLOGI INDUSTRI","Pengaruh Metode Ekstraksi Maserasi, Sonikasi, dan Sokletasi Terhadap Nilai Rendemen Sampel Kulit Buah Naga (Hylocereus polyrhizus)","12","","SINTA 4","NASIONAL","5","2","2025"
"Sherin Ramadhania.","","TEKNIK INDUSTRI","FAKULTAS TEKNOLOGI INDUSTRI","Usulan Tata Letak Bahan Baku dalam Gudang untuk Meminimasi Jarak Material Handling dengan Metode Dedicated-Storage di PT ABC","1","https://doi.org/10.28932/jis.v8i1.10217","SINTA 4","NASIONAL","30","6","2025"
"Siska Wulandari.","","REKAYASA TATA KELOLA AIR TERPADU","FAKULTAS TEKNOLOGI INDUSTRI DAN KEWILAYAHAN","Modeling sediment accumulation in Pare Reservoir using HEC-RAS 2D: Assessing storage capacity over a 10-year period","6","","JURNAL INTERNASIONAL Q1","INTERNASIONAL","0","3","2025"
"Siska Wulandari.","","REKAYASA TATA KELOLA AIR TERPADU","FAKULTAS TEKNOLOGI INDUSTRI DAN KEWILAYAHAN","Machine learning-based hydrograph modeling with LSTM: A case study in the Jatigede Reservoir Catchment, Indonesia","2","","JURNAL INTERNASIONAL","INTERNASIONAL","0","12","2025"
"Siska Wulandari.","","REKAYASA TATA KELOLA AIR TERPADU","FAKULTAS TEKNOLOGI INDUSTRI DAN KEWILAYAHAN","The effect of the construction method on the tombolo process at Palabuhanratu seaport","1","https://doi.org/10.1088/1755-1315/1464/1/012019","PROSIDING INTERNASIONAL","INTERNASIONAL","0","2","2025"
"Siska Wulandari.","","REKAYASA TATA KELOLA AIR TERPADU","FAKULTAS TEKNOLOGI INDUSTRI DAN KEWILAYAHAN","ANALYSIS OF SEDIMENT CHARACTERISTICS AND FLOW DYNAMICS AFTER NORMALIZATION OF THE CITARUM-MAJALAYA RIVER IN INDONESIA","3","","JURNAL INTERNASIONAL","INTERNASIONAL","0","2","2025"
"Suratun Nafisah.","","TEKNIK ELEKTRO","FAKULTAS TEKNOLOGI INDUSTRI","Investigation of gold nanoparticles for Ganoderma fungi treatment in oil palm trees","6","https://doi.org/10.58915/ijneam.v18i1.1701","JURNAL INTERNASIONAL Q4","INTERNASIONAL","14","1","2025"
"Suratun Nafisah.","","TEKNIK ELEKTRO","FAKULTAS TEKNOLOGI INDUSTRI","Gold Nanoparticle&#8208;Based Sensing of Pesticides and Fertilizers in Aqueous System: A Review","2","","JURNAL INTERNASIONAL Q2","INTERNASIONAL","0","0","0"
"Suratun Nafisah.","","TEKNIK ELEKTRO","FAKULTAS TEKNOLOGI INDUSTRI","Gold Nanoparticle-Based Sensing of Pesticides and Fertilizers in Aqueous System: A Review","1","","JURNAL INTERNASIONAL Q2","INTERNASIONAL","0","0","0"
"Tarmizi Taher.","","TEKNIK LINGKUNGAN","FAKULTAS TEKNOLOGI INDUSTRI DAN KEWILAYAHAN","Glycerol-Assisted Modification of 3D-Printed Zeolite (3D-Ze/Gy) for Enhanced Methylene Blue Dye Removal in Aqueous Solutions","6","https://doi.org/10.1002/adem.202402555","JURNAL INTERNASIONAL Q1","INTERNASIONAL","19","2","2025"
"Tri Siswandi Syahputra.","","FISIKA","FAKULTAS SAINS","Integration of low-cost multispectral sensors and electronic nose for enhanced fermentation monitoring in tempeh production","6","https://doi.org/10.1007/s11694-025-03217-6","JURNAL INTERNASIONAL Q2","INTERNASIONAL","0","0","0"
"Ulfah Izdihar.","","TEKNOLOGI INDUSTRI PERTANIAN","FAKULTAS TEKNOLOGI INDUSTRI","Training on Utilizing Goat Manure into Kohe Fertilizer in vercoming Environmental Pollution in Negarasaka Village","1","https://doi.org/10.46964/etam.v5i1.1260","SINTA 6","NASIONAL","10","2","2025"
"Wahyu Solafide Sipahutar.","","TEKNIK MATERIAL","FAKULTAS TEKNOLOGI INDUSTRI","Comparative morphological analysis of electrospun PAN/PVDF nanofibers for waterproof breathable membrane applications","1","https://doi.org/10.1016/j.cap.2025.09.017","JURNAL INTERNASIONAL Q2","INTERNASIONAL","0","12","2025"
"Wenny Arminda.","","ARSITEKTUR","FAKULTAS TEKNOLOGI INDUSTRI DAN KEWILAYAHAN","INVESTIGATING FACTORS INFLUENCING RESIDENTIAL LOCATION CHOICE USING PLS-SEM ANALYSIS: A CASE STUDY IN SEBERANG PERAI, PENANG, MALAYSIA","6","","JURNAL INTERNASIONAL Q2","INTERNASIONAL","0","0","0"
"Werry Febrianti.","","MATEMATIKA","FAKULTAS SAINS","Application of Autoregressive Integrated Moving Average (ARIMA) for Forecasting Inflation Rate in Indonesia","2","https://doi.org/10.20956/j.v21i2.36609","SINTA 3","NASIONAL","12","1","2025"
"Wika Atro Auriyani.","","TEKNIK KIMIA","","Extraction of leaves oil from fresh leaves by using microwave-assisted extraction (MAE) and ultrasonic-assisted extraction (UAE) methods","1","","SINTA 4","NASIONAL","0","10","2025"
"Winda Yulita.","","TEKNIK INFORMATIKA","FAKULTAS TEKNOLOGI INDUSTRI","Improved human image density detection with comparison of YOLOv8 depth level architecture and drop-out implementation","1","https://doi.org/10.52465/joscex.v6i1.556","SINTA 4","NASIONAL","29","3","2025"
"Yayasan Kita Menulis, 2025.","","TEKNOLOGI INDUSTRI PERTANIAN","FAKULTAS TEKNOLOGI INDUSTRI","Manajemen Logistik dan Distribusi Darat","3","","BUKU","LAINNYA","0","3","2025"
"Yg Wibowo, D Anwar, H Safitri, A Rohman, A Rinovian, Bs Ramadan.","","TEKNIK PERTAMBANGAN","FAKULTAS TEKNOLOGI INDUSTRI","Biochar-layered double hydroxide vs biochar-layered double oxide: a critical review on their applications in water pollution control","1","https://doi.org/10.1016/j.wen.2025.07.007","JURNAL INTERNASIONAL Q1","INTERNASIONAL","0","0","0"
"Yg Wibowo, H Safitri, D Anwar, A Rohman, At Maryani, S Sudibyo.","","TEKNIK PERTAMBANGAN","FAKULTAS TEKNOLOGI INDUSTRI","Exploring the Feasibility of Nanocomposites from Solid Waste Materials for Acid Mine Drainage Remediation: A Comprehensive Scientific Review","3","","JURNAL INTERNASIONAL","INTERNASIONAL","0","3","2025"
"Yolanda Rati.","","FISIKA","FAKULTAS SAINS","Photocatalytic performance of sulfur-doped zinc oxide: green synthesis via matoa leaf extract mediation","1","","JURNAL INTERNASIONAL Q2","INTERNASIONAL","0","12","2025"
"Yudha Gusti Wibowo.","","TEKNIK PERTAMBANGAN","FAKULTAS TEKNOLOGI INDUSTRI","Comprehensive Review of Hybrid Absorption-Adsorption Techniques for Chromium Removal from Wastewater Using Magnetite-Zeolite Suspended in Glycol Slurry","2","","JURNAL INTERNASIONAL Q1","INTERNASIONAL","0","0","0"
"Yudha Gusti Wibowo.","","TEKNIK PERTAMBANGAN","FAKULTAS TEKNOLOGI INDUSTRI","Microwave&#8211;Ultrasound-Assisted Extraction Coupled with Natural Deep Eutectic Solvent Enables High-Yield, Low-Solvent Recovery of Curcumin from Curcuma longa L.","6","","SINTA 4","NASIONAL","24","6","2025"
"Yuni Lisafitri.","","TEKNIK LINGKUNGAN","FAKULTAS TEKNOLOGI INDUSTRI DAN KEWILAYAHAN","Heavy metal removal from coal fly ash under alkaline conditions by indigenous bacteria isolated from a coal ash dumpsite","6","https://doi.org/10.12911/22998993/199776","JURNAL INTERNASIONAL Q1","INTERNASIONAL","17","2","2025"
"Zulfikar Adlan Nadzir.","","TEKNIK GEOMATIKA","FAKULTAS TEKNOLOGI INDUSTRI DAN KEWILAYAHAN","Studi Waveform Retracking Jason-2 di Pesisir Barat Daya Sumatera","2","https://doi.org/10.14710/jkt.v28i2.26228","SINTA 2","NASIONAL","30","6","2025"
