"id","tahun","status","sdgs","judul_proposal"
"PENGABDIAN--135594835917589360","2022","ditolak","Program Kemitraan Masyarakat PKM maks Rp 10 000 000","SURVEI DAN PEMETAAN RUMAH SEDERHANA TANPA STRUKTUR DI DESA TANJUNG ANOM KECAMATAN AMBARAWA KABUPATEN PRINGSEWU PROVINSI LAMPUNG"
"PENGABDIAN--2165960349052853824","2022","ditolak","Program Kemitraan Masyarakat PKM maks Rp 10 000 000","Sosialisasi Masyarakat Desa Wisata di Desa Maja Kecamatan kalianda Berbasis Mitigasi Tsunami"
"PENGABDIAN--2539345547822409901","2022","diterima","Program Kemitraan Masyarakat PKM maks Rp 10 000 000","PENERAPAN SISTEM MANAJEMEN KEUANGAN SEBAGAI USAHA UNTUK MENINGKATKAN KUALITAS PENGELOLAAN KEUANGAN USAHA MIKRO, KECIL DAN MENENGAH DESA LABUHAN, KEC.  PULAU PISANG"
"PENGABDIAN--2587767893325299329","2022","diterima","Program Kemitraan Masyarakat PKM maks Rp 10 000 000","Perancangan Jaring dan Bak Sampah di Sekitar Sungai Way Kuripan Kelurahan Negeri Olok Gading Kecamatan Teluk Betung Barat"
"PENGABDIAN--3099805681049018909","2022","diterima","Program Kemitraan Masyarakat PKM maks Rp 10 000 000","PKM Pendampingan Sistem Jaminan Halal dan Pengembangan Produk Kopi pada Petani Kopi di Kecamatan Ulu Belu, Kab. Tanggamus."
"PENGABDIAN--3251837682718590303","2022","ditolak","Program Kemitraan Masyarakat PKM maks Rp 10 000 000","Pemetaan Lokasi Sumur Resapan Secara Efektif untuk Konservasi Air di Kelurahan Korpri Jaya Kecamatan Sukarame, Kota Bandar Lampung "
"PENGABDIAN--3592451038634675169","2022","ditolak","Program Kemitraan Masyarakat PKM maks Rp 10 000 000","Pelatihan Pembuatan Ecobrick sebagai Upaya Mengurangi Sampah Plastik pada Kelompok Masyarakat di Desa Gebang, Pesawaran"
"PENGABDIAN--443530791953184364","2022","diterima","Program Kemitraan Masyarakat PKM maks Rp 10 000 000","PkM Pelatihan 3D Printer di Sekolah Islam Terpadu Ar-Raihan (Studi Kasus Desain 3D Anatomi Manusia)"
"PENGABDIAN--4741259337686273018","2022","diterima","Program Kemitraan Masyarakat PKM maks Rp 10 000 000","Pengembangan Sistem Tata Suara di Masjid Ad-Du’a Bandar Lampung Berbasis Pengukuran Akustik dengan Parameter Reverberation Time dan Speech Transmission Index"
"PENGABDIAN--5263359527944833645","2022","ditolak","Program Kemitraan Masyarakat PKM maks Rp 10 000 000","Program Pengembangan Destinasi Wisata Mancanegara Melalui 3P (Pemetaan, Pelatihan, dan Promosi) di Pulau Sebesi"
"PENGABDIAN--5682498834631401850","2022","ditolak","Program Kemitraan Masyarakat PKM maks Rp 10 000 000","Pelatihan Pembuatan Sistem Administrasi Sekolah Sederhana Terintegrasi (SIASIG) Di SMAN 2 Bandar Lampung"
"PENGABDIAN--7315067773635535865","2022","ditolak","Program Kemitraan Masyarakat PKM maks Rp 10 000 000","PEMETAAN JALUR DRAINASE YANG BERKELANJUTAN DI DESA KARANG ANYAR"
"PENGABDIAN--7629711862975850739","2022","diterima","Program Kemitraan Masyarakat PKM maks Rp 10 000 000","Pemberdayaan Perempuan untuk Kesehatan Keluarga melalui Pelatihan Pembuatan Permen Jelly Kunyit sebagai Produk Nutrasetikal Peningkat Daya Tahan Tubuh di Era Pandemi Covid-19 Perumahan Griya Damai Lestari Kelurahan Sabah Balau Lampung Selatan"
"PENGABDIAN--8120858691787885770","2022","diterima","Program Kemitraan Masyarakat PKM maks Rp 10 000 000","PENGEMBANGAN PRODUK SAMPING LARVA BSF SEBAGAI BAHAN BAKU KOSMETIK PADA PETERNAK MAGGOT DI DESA TRIHARJO, MERBAU MATARAM, LAMPUNG SELATAN"
"PENGABDIAN-1577263170842207699","2022","diterima","Program Kemitraan Masyarakat PKM maks Rp 10 000 000","Pembuatan masterplan Sistem Drainase Kawasan Permukiman di Griya Assalam, Rajabasa, Kota Bandar Lampung"
"PENGABDIAN-167822043574505243","2022","diterima","Program Kemitraan Masyarakat PKM maks Rp 10 000 000","Penyusunan Basis Data Lahan Garapan Menggunakan Metode Terestris untuk Pengembangan Desa Agroforestri Berbasis Informasi Geospasial (Studi Kasus: Desa Girimulyo)"
"PENGABDIAN-1694353770676592993","2022","ditolak","Program Kemitraan Masyarakat PKM maks Rp 10 000 000","APLIKASI ECO-ENZYME DARI SAMPAH ORGANIK SEBAGAI BAHAN DESINFEKTAN PADA MASYARAKAT DESA SIDODADI KABUPATEN PESAWARAN"
"PENGABDIAN-1762780357557786047","2022","diterima","Program Kemitraan Masyarakat PKM maks Rp 10 000 000","PELATIHAN PEMELIHARAAN LEBAH MADU TANPA SENGAT SEBAGAI USAHA PENINGKATAN DAYA TAHAN TUBUH MASYARAKAT DI DESA BUMISARI, NATAR"
"PENGABDIAN-1821787553017664734","2022","ditolak","Program Kemitraan Masyarakat PKM maks Rp 10 000 000","Pelatihan Pembuatan Produk Sabun Cair Cuci Piring di PKK Kelurahan Kaliawi, Tanjung Karang Pusat sebagai Usaha Pemulihan Ekonomi Ditengah Pandemi Covid-19"
"PENGABDIAN-2691674037196089555","2022","diterima","Program Kemitraan Masyarakat PKM maks Rp 10 000 000","Pelatihan Aplikasi Instrumentasi dan Automasi Berbasis PLC Untuk Meningkatkan Kapasitas  Keahlian Elektronika Industri di SMK"
"PENGABDIAN-3393612229361563003","2022","diterima","Program Kemitraan Masyarakat PKM maks Rp 10 000 000","Pendayagunaan Eksplorasi Daya Tarik Inovasi Situs Pugung Raharjo Sebagai Taman Rekreasi Geopark dan Astrowisata Lampung"
"PENGABDIAN-3466518648550662781","2022","diterima","Program Kemitraan Masyarakat PKM maks Rp 10 000 000","Pelatihan Pemanfaatan Limbah Rambut Jagung sebagai Produk Pangan Fungsional di Desa Banjar Agung, Lampung Selatan"
"PENGABDIAN-4180718212767572625","2022","ditolak","Program Kemitraan Masyarakat PKM maks Rp 10 000 000","Pelatihan Pembuatan Pupuk Kompos dari Limbah : Solusi Menurunnya Subsidi Pupuk di Desa Marga Agung"
"PENGABDIAN-4548240517481538379","2022","diterima","Program Kemitraan Masyarakat PKM maks Rp 10 000 000","Pelatihan Pemanfaatan Limbah Kulit Pisang sebagai Alternatif Bahan Dasar Pembuatan Keripik di UMKM Lateb Jaya, Bandar Lampung"
"PENGABDIAN-4593041538669098880","2022","diterima","Program Kemitraan Masyarakat PKM maks Rp 10 000 000","PELATIHAN PENJERNIHAN MINYAK JELANTAH MENGGUNAKAN BLEACHING EARTH DI DESA PADANG REJO, PRINGSEWU"
"PENGABDIAN-5528001867057042708","2022","diusulkan","Program Kemitraan Masyarakat PKM maks Rp 10 000 000","Desa Maju Berbasis Informasi Geospasial Melalui Pemetaan Sistem Informasi Utilitas Bangunan Lengkap (Studi Kasus: Dusun II A, Desa Karang Anyar)"
"PENGABDIAN-5544284924888077641","2022","ditolak","Program Kemitraan Masyarakat PKM maks Rp 10 000 000","PENGUATAN DESA TANGGUH BENCANA (DESTANA) DI KAWASAN WISATA KRUI, KABUPATEN PESISIR BARAT"
"PENGABDIAN-6315250918335796958","2022","diterima","Program Kemitraan Masyarakat PKM maks Rp 10 000 000","Sosialisasi Potensi Sumber Daya Air Sungai Way Tebu terhadap Pengairan Daerah Irigasi Desa Tanjung Anom"
"PENGABDIAN-6511049500206449856","2022","diterima","Program Kemitraan Masyarakat PKM maks Rp 10 000 000","PKM Pemetaan Partispatif Masyarakat dalam Penataan Kampung Kota di Kampung Cungkeng, Teluk Betung, Bandar Lampung"
"PENGABDIAN-6655657024364665799","2022","diterima","Program Kemitraan Masyarakat PKM maks Rp 10 000 000","Peningkatan Kapasitas Pesantren sebagai Pusat Penanganan Sampah Anorganik melalui Digitalisasi Operasional Bank Sampah berbasis Android di Kecamatan Candipuro, Kabupaten Lampung Selatan"
"PENGABDIAN-6667260123877449885","2022","ditolak","Program Kemitraan Masyarakat PKM maks Rp 10 000 000","Pelatihan Penggunaan Google Classroom dan Quizizz terhadap Guru SMAN 2 Bandar Lampung"
"PENGABDIAN-728442203556364260","2022","diterima","Program Kemitraan Masyarakat PKM maks Rp 10 000 000","Peningkatan Produksi dan Mutu Gaharu pada UMKM Komet Gaharu"
"PENGABDIAN-7688290048534922570","2022","diterima","Program Kemitraan Masyarakat PKM maks Rp 10 000 000","APLIKASI BUDIDAYA IKAN DALAM EMBER “BUDIKDAMBER” DENGANAKUAPONIK DALAM PEMENUHAN GIZI KELUARGA DI DESAGEDUNGHARAPAN, LAMPUNG SELATAN"
"PENGABDIAN-7843945337365769122","2022","diterima","Program Kemitraan Masyarakat PKM maks Rp 10 000 000","PROGRAM PELATIHAN KUALITAS LAYANAN TERRA TERHADAP PELAKU USAHA HOTEL DAN RESTORAN DI KAWASAN PANTAI TANJUNG SETIA, KABUPATEN PESISIR BARAT, PROVINSI LAMPUNG"
"PENGABDIAN-7921720768381552147","2022","diterima","Program Kemitraan Masyarakat PKM maks Rp 10 000 000","Sosialisasi dan Pelatihan Perencanaan Rencana Anggaran Biaya (RAB) Pembangunan Infrastruktur Desa Adiluwih Pringsewu"
"PENGABDIAN-8432640824096359511","2022","ditolak","Program Kemitraan Masyarakat PKM maks Rp 10 000 000","PEMBERDAYAAN KELOMPOK PKK DUSUN JATISARI DALAM PEMBUATAN SABUN CUCI PIRING BERBASIS HUMEKTAN ALAMI ALOE VERA L."
"PENGABDIAN-845898905280378472","2022","diterima","Program Kemitraan Masyarakat PKM maks Rp 10 000 000","Penerapan Aplikasi Konseling di SMA Negeri 2 Kota Bandar Lampung dalam Menghadapi Era Industri 4.0 dan Pandemi Covid-19"
"PENGABDIAN-845898905280378472","2022","diterima","Program Kemitraan Masyarakat PKM maks Rp 10 000 000","Penerapan Aplikasi Konseling di SMA Negeri 2 Kota Bandar Lampung dalam Menghadapi Era Industri 4.0 dan Pandemi Covid-19"
"PENGABDIAN-9086145679982461247","2022","ditolak","Program Kemitraan Masyarakat PKM maks Rp 10 000 000","Implementasi Produk POCI Masaro  ITERA Untuk Pertanian Singkong dan Sayuran Organik di Lampung"
"PENGABDIAN--2047627988864181765","2023","diterima","Program Kemitraan Masyarakat PKM maks Rp 10 000 000","PERMODELAN SEBARAN BANJIR DAN SOSIALISASI PETA MITIGASI BANJIR DI DESA SIDOREJO KECAMATAN SIDOMULYO"
"PENGABDIAN--4026023352381147054","2023","diterima","Program Kemitraan Masyarakat PKM maks Rp 10 000 000","Edukasi kepada masyarakat terkait aktivitas penambangan ilegal oleh Penambang Tanpa Izin (PETI) dan bahaya penggunaan merkuri dalam pengolahan emas di Dusun Teluk Harapan dan Dusun Purwodadi, Desa Sidomekar, Kecamatan Katibung, Lampung Selatan"
"PENGABDIAN--4551343083213827288","2023","ditolak","Program Kemitraan Masyarakat PKM maks Rp 10 000 000","PELATIHAN PEMBUATAN ECO-SOAP BERBAHAN LERAK UNTUK MENINGKATKAN PEREKONOMIAN MASYARAKAT  DESA TANJUNG SARI, NATAR, LAMPUNG SELATAN"
"PENGABDIAN--5535579049919820730","2023","diterima","Program Kemitraan Masyarakat PKM maks Rp 10 000 000","Penyuluhan Dampak Stunting pada Balita dan Pelatihan Pembuatan Biskuit Pangan Fungsional dari Mikoprotein Jamur Tiram Putih dan Labu Kuning (J-Laning) sebagai Upaya Pencegahan Stunting pada Balita di Posyandu Desa Banjar Agung, kecamatan Jati Agung, Kabupaten Lampung Selatan"
"PENGABDIAN--6539495655568204150","2023","diterima","Program Kemitraan Masyarakat PKM maks Rp 10 000 000","PERENCANAAN SALURAN DRAINASE DAN SOSIALISASI OPERASIONAL DAN PEMELIHARAAN SALURAN DI DESA SIDOREJO KECAMATAN SIDOMULYO KABUPATEN LAMPUNG SELATAN"
"PENGABDIAN--6556030604673970014","2023","diterima","Program Kemitraan Masyarakat PKM maks Rp 10 000 000","Pemberdayaan Masyarakat Desa Sabah Balau Melalui Pendampingan dan Pelatihan Optimalisasi Olahan Bawang Putih menjadi Produk Suplemen Herbal Black Garlic untuk Menciptakan Ekonomi Kreatif"
"PENGABDIAN--7119489858301819086","2023","diterima","Program Kemitraan Masyarakat PKM maks Rp 10 000 000","PELATIHAN PEMBUATAN PRODUK TURUNAN DARI MADU DAN  PROPOLIS LEBAH MADU TANPA SENGAT SEBAGAI USAHA  PENGUATAN EKONOMI MASYARAKAT DESA BUMISARI, NATAR"
"PENGABDIAN--7267766972317024687","2023","ditolak","Program Kemitraan Masyarakat PKM maks Rp 10 000 000","Aptikasi Eco-Enzyme dari Sampah Rumah Tangga sebagai Disinfektan Alami dalam Rangka Peningkatan Digdaya Kesehatan Masyarakat"
"PENGABDIAN--7734789640826309098","2023","diterima","Program Kemitraan Masyarakat PKM maks Rp 10 000 000","Pelatihan Pembuatan dan Pendampingan Pemasaran Produk Tahu (Resep Prodi Kimia Itera) pada Kelompok PKK RT 2 RW 2 Desa Patoman Kecamatan Pagelaran Kabupaten Pringsewu"
"PENGABDIAN--7825279080540028482","2023","diterima","Program Kemitraan Masyarakat PKM maks Rp 10 000 000","Perancangan Sistem Manajemen Keuangan Sebagai Usaha Untuk  Meningkatkan Kualitas Pengelolaan Keuangan Usaha Mikro, Kecil Dan  Menengah PD. Citra Tradia"
"PENGABDIAN--8081553737045005054","2023","ditolak","Program Kemitraan Masyarakat PKM maks Rp 10 000 000","Workshop Diversifikasi Produk Olahan Limbah Kulit Pisang (Musa paradisiaca) Menjadi Selai Sebagai Upaya Peningkatan Profit UMKM Pisang Goreng Beku Shamiya"
"PENGABDIAN--8543601332977014370","2023","diterima","Program Kemitraan Masyarakat PKM maks Rp 10 000 000","PEMBUATAN PETA WISATA DAN PANDUAN WISATA SITUS KEBUMIAN GUNUNGKASIH DAN SEKITARNYA"
"PENGABDIAN--941517786448998065","2023","diterima","Program Kemitraan Masyarakat PKM maks Rp 10 000 000","PELATIHAN PERAKITAN ROBOT OMNI-DIRECTIONAL KEPADA GURU SMAN 5 BANDAR LAMPUNG UNTUK MENINGKATKAN KEMAMPUAN SAINS DAN TEKNOLOGI DALAM PEMBELAJARAN"
"PENGABDIAN-2370240878955869853","2023","diterima","Program Kemitraan Masyarakat PKM maks Rp 10 000 000","Pelatihan Pembuatan Ecobrick sebagai Upaya Mengurangi Sampah Plastik pada Kelompok Masyarakat di Desa Pahawang, Pesawaran"
"PENGABDIAN-2444182994646659719","2023","ditolak","Program Kemitraan Masyarakat PKM maks Rp 10 000 000","Workshop Pembuatan Produk Sabun Cuci Piring di PKK Kelurahan Kaliawi, Kecamatan Tanjung Karang Pusat Sebagai Usaha Pemulihan Ekonomi Pasca Pandemi"
"PENGABDIAN-5239190677630212555","2023","diterima","Program Kemitraan Masyarakat PKM maks Rp 10 000 000","Penerapan Teknologi Budidaya Ikan dalam Ember (BUDIKDAMBER) Berbasis Internet of Things (IoT) sebagai Media Pembelajaran Sistem Kontrol Dasar Instrumentasi"
"PENGABDIAN-5840422687516343841","2023","diterima","Program Kemitraan Masyarakat PKM maks Rp 10 000 000","PELATIHAN SURVEY EKOSISTEM DAN TRANSPLANTASI TERUMBU KARANG DI DESA PAHAWANG"
"PENGABDIAN-587927154664084000","2023","diterima","Program Kemitraan Masyarakat PKM maks Rp 10 000 000","Peningkatan Keterampilan Pemandu Wisata Pada Situs Kebumian Goa Pandan, Desa Girimulyo, Kecamatan Marga Sekampung, Kabupaten Lampung Timur, Provinsi Lampung"
"PENGABDIAN-6218621210557583562","2023","diterima","Program Kemitraan Masyarakat PKM maks Rp 10 000 000","PENDAMPINGAN PETANI DESA HANAU BERAK KABUPATEN PESAWARAN DALAM PENINGKATAN NILAI EKONOMI DAGING PALA SEBAGAI TEH UNTUK KESEHATAN KULIT"
"PENGABDIAN-6256961692329282847","2023","diterima","Program Kemitraan Masyarakat PKM maks Rp 10 000 000","Pelatihan Visualisasi Data Sumber Daya Alam Menggunakan Google Data Studio di Desa Triharjo, Kecamatan Merbau Mataram, Kabupaten Lampung Selatan"
"PENGABDIAN-702966017673342925","2023","diterima","Program Kemitraan Masyarakat PKM maks Rp 10 000 000","ANALISIS DAN SOSIALISASI SUPLAI AIR PADA BENDUNG TERHADAP DAERAH IRIGASI DI DESA SIDOREJO KECAMATAN SIDOMULYO KABUPATEN LAMPUNG SELATAN"
"PENGABDIAN-7444614083082401677","2023","diterima","Program Kemitraan Masyarakat PKM maks Rp 10 000 000","Pemanfaatan Limbah Air Pengolahan Ikan Teri (Stolephorus Sp.) menjadi Pupuk Organik Cair dan Aplikasi Terhadap Tanaman Pertanian Rumah Tangga di Pulau Pasaran"
"PENGABDIAN--124506105917911005","2024","ditolak","Program Layanan Kepakaran dan Pembelajaran Masyarakat","Pengembangan Masterplan Infrastruktur Hijau SMP Satya Dharma Sudjana, Lampung Tengah yang Berkelanjutan dan Berwawasan Lingkungan"
"PENGABDIAN--1896749513682456454","2024","diterima","Program Layanan Kepakaran dan Pembelajaran Masyarakat","Pelatihan Pembuatan Lip Balm Berbahan Virgin Coconut Oil (VCO) sebagai Stimulus Keterampilan Wirausaha bagi Siswa SMA PGRI Tumijajar, Tulang Bawang Barat"
"PENGABDIAN--2492643574556221242","2024","diterima","Program Layanan Kepakaran dan Pembelajaran Masyarakat","Optimalisasi WebGIS terhadap Geodatabase dalam mendukung Smart Village Tulung Kakan"
"PENGABDIAN--3192546081091889802","2024","ditolak","Program Layanan Kepakaran dan Pembelajaran Masyarakat","Pemetaan Potensi Daya Tarik Wisata Kampung Cungkeng dan Pelatihan Sumber Daya Manusia Masyarakat di Kampung Cungkeng, Kota Bandar Lampung."
"PENGABDIAN--3813640117174937363","2024","ditolak","Program Layanan Kepakaran dan Pembelajaran Masyarakat","Sosialisasi konsep Rumah Tumbuh berbasis Building Information Modelling"
"PENGABDIAN--4295193916659748998","2024","diterima","Program Layanan Kepakaran dan Pembelajaran Masyarakat","Pelatihan Pembuatan Laporan Keuangan Pelaku Usaha Mikro, Kecil, dan Menengah (UMKM) di Desa Badran Sari"
"PENGABDIAN--4515439878945154123","2024","diterima","Program Layanan Kepakaran dan Pembelajaran Masyarakat","Pelatihan Pelatih Lampung melalui Latihan Mental sebagai Tahap Persiapan Atlet Lampung Berjaya menuju PON Aceh – Sumatera Utara 2024"
"PENGABDIAN--500386591224355890","2024","ditolak","Program Layanan Kepakaran dan Pembelajaran Masyarakat","PELATIHAN TEKNIK EKSPLORASI DATA DAN DARSBOARD DATA STATISTIK MENGGUNAKAN LOOKER STUDIO DALAM PENINGKATAN KOMPETENSI SISWA SMA NEGERI 1 KOTAGAJAH"
"PENGABDIAN--5040996978986531466","2024","diterima","Program Layanan Kepakaran dan Pembelajaran Masyarakat","Sosialisai Pengolahan Pasir Silika Untuk Menjadi Bahan Baku Pembuatan Kaca"
"PENGABDIAN--5042006471514953077","2024","diterima","Program Layanan Kepakaran dan Pembelajaran Masyarakat","Edukasi Sadar Bencana untuk Meningkatkan Kesiapsiagaan dan Mitigasi Bencana Hidrometeorologi "
"PENGABDIAN--5062803292974487954","2024","diterima","Program Layanan Kepakaran dan Pembelajaran Masyarakat","Sosialisasi Potensi Hujan Efektif Terhadap Kebutuhan Air Daerah Irigasi Desa Giriklopomulyo Lampung Timur"
"PENGABDIAN--5104753874423909410","2024","diterima","Program Layanan Kepakaran dan Pembelajaran Masyarakat","Pendampingan Sistem Jaminan Mutu dan Sertifikasi  Halal Emping Jagung di UMKM Ainun"
"PENGABDIAN--5208822518959784293","2024","diterima","Program Layanan Kepakaran dan Pembelajaran Masyarakat","Pembelajaran STEAM: Rancang Bangun Robot Line Follower di SMPN 3 Natar Kabupaten Lampung Selatan, Provinsi Lampung."
"PENGABDIAN--5305366200566608169","2024","diterima","Program Layanan Kepakaran dan Pembelajaran Masyarakat","Pelatihan algoritma Machine Learning  dalam Robotik di MAN 1 Bandar Lampung"
"PENGABDIAN--5345813191024897665","2024","diterima","Program Layanan Kepakaran dan Pembelajaran Masyarakat","Peningkatan Kapasitas Organisasi Sosial Hibahin Melalui Design Thinking Process: Studi Kasus Perancangan Tongkat Adaptif untuk Penyandang Tunanetra dan Lansia"
"PENGABDIAN--549215387354722795","2024","diterima","Program Layanan Kepakaran dan Pembelajaran Masyarakat","PERANCANGAN UI APLIKASI EDUKASI GENERASI MUDA DI BANDAR LAMPUNG UNTUK MENJAGA KESEHATAN MENTAL MANULA"
"PENGABDIAN--5593233180084752522","2024","diterima","Program Layanan Kepakaran dan Pembelajaran Masyarakat","Pembelajaran Sistem Kontrol Irigasi Berbasis PLC kepada Siswa-Siswi Sekolah Menengah Atas"
"PENGABDIAN--5689265794000814304","2024","diterima","Program Layanan Kepakaran dan Pembelajaran Masyarakat","PENGEMBANGAN LAMPU JALAN  OTOMATIS BERBASIS SENSOR CAHAYA SEBAGAI INFRASTRUKTUR CERDAS DESA  SUKAJADI "
"PENGABDIAN--5761145847636128571","2024","diterima","Program Layanan Kepakaran dan Pembelajaran Masyarakat","Implementasi Sistem Monitoring dan Kontroling Otomatis Budidaya Udang Berbasis IoT pada Kelompok Ternak Tambak Udang Sdewa"
"PENGABDIAN--5819470887357247016","2024","diterima","Program Layanan Kepakaran dan Pembelajaran Masyarakat","EKONOMI KREATIF PULAU PAHAWANG (Peningkatan Kapasitas Masyarakat dan Kolaborasi Lembaga Pendukung Keberlanjutan UMKM Wisata Pulau Pahawang)"
"PENGABDIAN--665308689795256086","2024","ditolak","Program Layanan Kepakaran dan Pembelajaran Masyarakat","Edukasi Pembuatan Souvenir Berbasis Sea Shell Resin sebagai Peluang Usaha di Dusun Jelarangan Pulau Pahawang."
"PENGABDIAN--6664437063840285892","2024","diterima","Program Layanan Kepakaran dan Pembelajaran Masyarakat","Analisis Keandalan Hidrologi Terhadap Pola Tanam dan Sosialisasi Pemeliharaan Saluran Irigasi di Desa Sumber Rejo Kecamatan Kota Gajah Kabupaten Lampung Tengah"
"PENGABDIAN--6781724423984030212","2024","diterima","Program Layanan Kepakaran dan Pembelajaran Masyarakat","Pelatihan Pembuatan Makanan Berkhasiat Obat Khas Suku Gayo (Cecah Benyet/Menet) kepada Kelompok PKK RT 2 RW 2 Desa Patoman Kecamatan Pagelaran Kabupaten Pringsewu "
"PENGABDIAN--6835959645495941278","2024","diterima","Program Layanan Kepakaran dan Pembelajaran Masyarakat","Implementasi Pembelajaran Techno-Sociopreneur dengan Memanfaatkan Keanekaragaman Hayati Lokal Guna Mendukung Projek Penguatan Profil Pelajar Pancasila (P5) di SMPN 42 Bandar Lampung."
"PENGABDIAN--7085752017591128033","2024","diterima","Program Layanan Kepakaran dan Pembelajaran Masyarakat","Pembuatan Buku Mewarnai untuk Anak PAUD dan Layanan Khusus Ceria Bandar Lampung"
"PENGABDIAN--7782201465139390609","2024","diterima","Program Layanan Kepakaran dan Pembelajaran Masyarakat","Workshop Kewirausahaan “Mental Health Matters”: Inovasi Produk untuk Kesejahteraan Jiwa di SMPN 28 Bandar Lampung"
"PENGABDIAN--7870889589742856825","2024","diterima","Program Layanan Kepakaran dan Pembelajaran Masyarakat","Sosialisasi Perencanaan Saluran Drainase Bermaterial Dengan Estimasi Biaya Konstruksi Pada Desa Putra Buyut Lampung Tengah"
"PENGABDIAN--8967536055688237553","2024","diterima","Program Layanan Kepakaran dan Pembelajaran Masyarakat","GENUBA-COY: Diversifikasi Makanan Gizi Seimbang dari Hasil Pertanian Desa Sukabanjar, Pesawaran sebagai Pangan Pencegah Stunting"
"PENGABDIAN--8973531546501426892","2024","diterima","Program Layanan Kepakaran dan Pembelajaran Masyarakat","SISKAMLING 4.0: Sistem Keamanan Lingkungan Terintegrasi Berbasis Geofence Sebagai Teknologi Cerdas Keamanan"
"PENGABDIAN-1316117454589614247","2024","diterima","Program Layanan Kepakaran dan Pembelajaran Masyarakat","Perencanaan Desa Way Huwi yang Berkelanjutan dan Terpadu dengan Pendidikan Tinggi Institut Teknologi Sumatera"
"PENGABDIAN-1556512344598354430","2024","diterima","Program Layanan Kepakaran dan Pembelajaran Masyarakat","Pengembangan dan Digitalisasi Produk Pelaku UMKM Penerima Manfaat Program Keluarga Harapan Sebagai Program Penguatan Ekonomi Masyarakat Desa Kalisari Kecamatan Natar"
"PENGABDIAN-1678014569102076208","2024","diterima","Program Layanan Kepakaran dan Pembelajaran Masyarakat","Penyuluhan, Pemeriksaan Kolesterol (Hiperlipidemik), dan Pelatihan Pembuatan Teh dan Jelly Daun Kersen sebagai Salah Satu Upaya Pencegahan Penyakit Kolesterol pada Lansia di Pekon Gadingrejo Utara, Kecamatan Gadingrejo, Kabupaten Pringsewu"
"PENGABDIAN-259489155742163213","2024","diterima","Program Layanan Kepakaran dan Pembelajaran Masyarakat","Sosialisasi mengenai dampak yang diakibatkan oleh penambangan pasir secara ilegal di sepanjang sungai Way Ratai Pesawaran dan edukasi terkait perizinan tambang"
"PENGABDIAN-2649736920176343484","2024","diterima","Program Layanan Kepakaran dan Pembelajaran Masyarakat","Pemberdayaan Pokdarwis Desa Mandiri Sejati Pesisir Barat Melalui Pembinaan Wirausaha, Pelatihan Bantuan Hidup Dasar, Penanganan Cedera Olahraga dan Service Excellent"
"PENGABDIAN-3075854651834995457","2024","diterima","Program Layanan Kepakaran dan Pembelajaran Masyarakat","PERANCANGAN BUKU ILUSTRASI ANAK SEBAGAI MEDIA EDUKASI UNTUK MENINGKATKAN KESADARAN MERAWAT GIGI DALAM MENCEGAH KARIES PADA ANAK USIA 6-9 TAHUN"
"PENGABDIAN-3094166183319020694","2024","diterima","Program Layanan Kepakaran dan Pembelajaran Masyarakat","Peningkatan Kompetensi dan Pendampingan kepada UPT MEKANIK PT KAI Divre IV untuk mengevaluasi Kegagalan dan Patahan Rel sebagai Penyebab Kecelakaan dan Keterlambatan Kereta"
"PENGABDIAN-3243449073336270287","2024","diterima","Program Layanan Kepakaran dan Pembelajaran Masyarakat","PENYUSUNAN KAJIAN LINGKUNGAN HIDUP STRATEGIS (KLHS) RENCANA  PEMBANGUNAN JANGKA MENENGAH DAERAH (RPJMD) KABUPATEN TULANG BAWANG  TAHUN 2025-2029 "
"PENGABDIAN-3762241575762050379","2024","diterima","Program Layanan Kepakaran dan Pembelajaran Masyarakat","Kegiatan Edukasi Kebencanaan Kreatif dan Aktif untuk Siswa/i Sekolah Dasar di Kabupaten Pesisir Barat, Provinsi Lampung"
"PENGABDIAN-4040961654601655362","2024","diterima","Program Layanan Kepakaran dan Pembelajaran Masyarakat","Pembuatan dan Pelatihan Penggunaan Website Sistem Informasi Desa untuk Menunjang Aktivitas Pelayanan Administrasi yang Efektif di Desa Badran Sari, Kecamatan Punggur, Kabupaten Lampung Tengah"
"PENGABDIAN-4386943848992800458","2024","diterima","Program Layanan Kepakaran dan Pembelajaran Masyarakat","Pemetaan Potensi Daya Tarik Wisata Kampung Cungkeng dan Pelatihan Sumber Daya Manusia Masyarakat di Kampung Cungkeng, Kota Bandar Lampung."
"PENGABDIAN-4632136841650274196","2024","diterima","Program Layanan Kepakaran dan Pembelajaran Masyarakat","Perancangan Ruang Terbuka Hijau (RTH) di Lingkungan Sekolah Alam Lampung, Lampung Selatan"
"PENGABDIAN-4752827814813442792","2024","diterima","Program Layanan Kepakaran dan Pembelajaran Masyarakat","Pengembangan Ekonomi Lokal Desa Tulung Kakan melalui Digitalisasi Produk dan Pembukuan Keuangan Kegiatan UMKM"
"PENGABDIAN-5280456950248380970","2024","diterima","Program Layanan Kepakaran dan Pembelajaran Masyarakat","Pelatihan Perakitan Robot Self-Balancing Berbasis Kontrol PID sebagai Media Pembelajaran Sistem Instrumentasi di SMK SWADHIPA 2 Natar"
"PENGABDIAN-5433888619164090590","2024","diterima","Program Layanan Kepakaran dan Pembelajaran Masyarakat","Pelatihan Tinkercad sebagai Tool Desain Rangkaian  dan  Simulasi dalam membuat Sistem Instrumentasi  Sederhana  di Sekolah  Global Madani"
"PENGABDIAN-55477716134149120","2024","diterima","Program Layanan Kepakaran dan Pembelajaran Masyarakat","Pembuatan Produk Liquid Deterjen Bagi Kelompok Remaja Tempat Pendidikan Al-Qur’an (TPQ) Al-Iman Desa Sumber Fajar Guna Meningkatkan Kemandirian Wirausaha"
"PENGABDIAN-5602775835862175513","2024","diterima","Program Layanan Kepakaran dan Pembelajaran Masyarakat","Pelatihan Pembuatan Sistem Telemonitoring Berbasis Mikrokontroler dan GPS dalam Mitigasi Bencana Banjir"
"PENGABDIAN-5688869015581044020","2024","diterima","Program Layanan Kepakaran dan Pembelajaran Masyarakat","Perancangan Board Game Simulasi Investasi Dasar sebagai Media Pendidikan Investasi bagi Mahasiswa"
"PENGABDIAN-58432504808634404","2024","diterima","Program Layanan Kepakaran dan Pembelajaran Masyarakat","Pelatihan Pembuatan Nata de Coco dengan Penambahan Molases dan Kecambah Kedelai Untuk Peningkatan Produktifitas dan Keamanan Pangan pada KWT ULET"
"PENGABDIAN-5890873038164210399","2024","diterima","Program Layanan Kepakaran dan Pembelajaran Masyarakat","Peningkatan Pengetahuan Tanaman Berkhasiat Obat Menggunakan Media “SMART CARD” dan Pengenalan Apoteker Cilik “APOCIL” dalam Upaya Penguatan Kesehatan dan Kemandirian Obat Indonesia di SD N 1 Gading Rejo Utara"
"PENGABDIAN-6053973204680479716","2024","diterima","Program Layanan Kepakaran dan Pembelajaran Masyarakat","Pelatihan Produksi Keripik Pisang Panggang Sebagai Produk Unggulan Keripik Rendah Lemak di UMKM  Ghanias Cake Bandar Lampung"
"PENGABDIAN-6189378793226429969","2024","diterima","Program Layanan Kepakaran dan Pembelajaran Masyarakat","PELATIHAN PEMBUATAN NATA DE COCO DAN VCO SEBAGAI UPAYA PEMBERDAYAAN MASYARAKAT PESISIR"
"PENGABDIAN-6247219722587619633","2024","diterima","Program Layanan Kepakaran dan Pembelajaran Masyarakat","Workshop Implementasi Teknologi Informasi Berbasis Layanan “Discover Cuku Nyinyi” (Diskunyi) pada Manajemen Objek Ekowisata Cuku Nyinyi Lampung."
"PENGABDIAN-6329686231127592400","2024","ditolak","Program Layanan Kepakaran dan Pembelajaran Masyarakat","Peningkatan Kapasitas Pengelolaan Sampah Berkelanjutan dan Kegiatan Komposting di SMP Satya Dharma Sudjana, Lampung Tengah melalui Konsep Reduce Reuse Recycle (3R)"
"PENGABDIAN-6685854443795585035","2024","diterima","Program Layanan Kepakaran dan Pembelajaran Masyarakat","Pelatihan Pengembangan Berbasis Website Menggunakan Bahasa Pemrograman Python di MAN 1 Bandar Lampung"
"PENGABDIAN-7233870878460917182","2024","diterima","Program Layanan Kepakaran dan Pembelajaran Masyarakat","Pembuatan Tudung Lampu sebagai Penerapan Kebijakan Langit Malam di sekitar ITERA"
"PENGABDIAN-73736495776627470","2024","diterima","Program Layanan Kepakaran dan Pembelajaran Masyarakat","Tahap Lanjutan Desain Islamic Center Desa Rejomulyo, Lampung Selatan, Lampung. "
"PENGABDIAN-7468565488371241993","2024","diterima","Program Layanan Kepakaran dan Pembelajaran Masyarakat","Penerapan Perilaku Hidup Bersih dan Sehat dalam Bentuk Gerakan Cuci Tangan Pakai Sabun dengan Pemanfaatan Bioteknologi Sederhana Fermentasi Kombucha Nanas sebagai Sabun Cuci Tangan Di Sekolah Alam Lampung."
"PENGABDIAN-8047925596426129341","2024","diterima","Program Layanan Kepakaran dan Pembelajaran Masyarakat","Pelatihan Budidaya Tanaman Sayur dengan Hidroponik Sistem Sumbu dari Botol Plastik Bekas sebagai Penyedia Gizi Sehat Keluarga"
"PENGABDIAN--2265439306230629688","2022","diterima","Program pemberdayaan dan pembelajaran masyarakat PPM maks Rp 7 500 000","Edukasi Pengolahan Pangan Lokal Sumatera dan Penerapan PHBS (Pola Hidup Bersih dan Sehat) Sebagai Upaya Pencegahan Stunting pada Balita di Desa Ono Harjo, Lampung Tengah"
"PENGABDIAN--2927012447564397633","2022","ditolak","Program pemberdayaan dan pembelajaran masyarakat PPM maks Rp 7 500 000","Program SAKTI (Sains Proyek dan Karya Tulis  Ilmiah) bagi Siswa Kelas XI di Sekolah Global Madani, Bandar Lampung"
"PENGABDIAN--3188650476869918051","2022","ditolak","Program pemberdayaan dan pembelajaran masyarakat PPM maks Rp 7 500 000","PELATIHAN PEMBUATAN BECOFFEE BODY SRCUB KEPADA  PESERTA DIDIK PONPES AL HADI SUNGAI LANGKA SEBAGAI  UPAYA MENDUKUNG EKONOMI DESA BERBASIS PESANTREN"
"PENGABDIAN--3723555559351506846","2022","diterima","Program pemberdayaan dan pembelajaran masyarakat PPM maks Rp 7 500 000","PELATIHAN PEMBUATAN SERVER DAN PENGGUNAAN LEARNING MANAGEMENT SYSTEM &#40;MOODLE&#41; DALAM PEMBELAJARAN DARING DI MASA PANDEMI COVID-19"
"PENGABDIAN--4473395599379876737","2022","ditolak","Program pemberdayaan dan pembelajaran masyarakat PPM maks Rp 7 500 000","PEMBERDAYAAN MASYARAKAT DESA WAYMULI TIMUR KABUPATEN LAMPUNG SELATAN UNTUK PEDULI BENCANA TSUNAMI"
"PENGABDIAN--5045634213100554020","2022","ditolak","Program pemberdayaan dan pembelajaran masyarakat PPM maks Rp 7 500 000","PERANCANGAN DAN PELATIHAN MEMBUAT BISNIS MODEL CANVAS UNTUK PENINGKATAN PENJUALAN BAGI USAHA MIKRO, KECIL DAN MENENGAH (UMKM) IKAN MARLIN ASAP, DESA LABUHAN, KEC. PULAU PISANG"
"PENGABDIAN--5637860949179675574","2022","diterima","Program pemberdayaan dan pembelajaran masyarakat PPM maks Rp 7 500 000","Pengembangan desain Pop-Up Book sebagai alternatif pengenalan dasar bahasa lampung (aksara)"
"PENGABDIAN--5931935753818720611","2022","diterima","Program pemberdayaan dan pembelajaran masyarakat PPM maks Rp 7 500 000","Pendampingan Remaja Putri dan Ibu Hamil Melalui Pengolahan Pangan Fungsional Guna Mengurangi Prevalensi KEK dan Anemia dalam Upaya Pencegahan Bayi Lahir Stunting di Desa Simpang Agung, Lampung Tengah"
"PENGABDIAN--7726655978405943645","2022","diterima","Program pemberdayaan dan pembelajaran masyarakat PPM maks Rp 7 500 000","Pelatihan Kelompok Tani Sadar Kesehatan Kulit Dan Penanaman Tanaman Kosmetik Keluarga Pada Masyarakat Petani Di Desa Beringin Jaya, Way Tuba, Kabupaten Way Kanan."
"PENGABDIAN--7937788818554558720","2022","ditolak","Program pemberdayaan dan pembelajaran masyarakat PPM maks Rp 7 500 000","Pelatihan Pengembangan Produk Minuman Fermentasi dan Sabun Anti Bakteri di SMA Tunas Mekar Indonesia"
"PENGABDIAN--8564468283554351424","2022","ditolak","Program pemberdayaan dan pembelajaran masyarakat PPM maks Rp 7 500 000","INOVASI PENINGKATAN KESELAMATAN PADA PERLINTASAN SEBIDANG TIDAK BERPALANG PINTU"
"PENGABDIAN--8894835202479942859","2022","ditolak","Program pemberdayaan dan pembelajaran masyarakat PPM maks Rp 7 500 000","Pemberdayaan Masyarakat Desa Kunjir Kabupaten Lampung Selatan untuk Peduli Bencana Tsunami"
"PENGABDIAN--8965043585744622862","2022","diterima","Program pemberdayaan dan pembelajaran masyarakat PPM maks Rp 7 500 000","Workshop Nanoteknologi Dan Nanosains Pada Siswa Dan Guru SMA Al-Kautsar Bandar Lampung Melalui Eksperimen Dan Simulasi Sederhana"
"PENGABDIAN--9086884832325091134","2022","diterima","Program pemberdayaan dan pembelajaran masyarakat PPM maks Rp 7 500 000","Pelatihan Bidang Sistem Siber Fisis Pada Pengendalian Lengan Robot via Smartphone Di SMA Al-Kautsar Bandar Lampung"
"PENGABDIAN--942021827303830711","2022","ditolak","Program pemberdayaan dan pembelajaran masyarakat PPM maks Rp 7 500 000","Sosialisasi Penerapan Sistem Pemanenan Air Hujan sebagai  Alternatif Air Bersih di Sekolah Dasar Negeri 2 Gunung Terang Bandar Lampung"
"PENGABDIAN-1890595740517107298","2022","diterima","Program pemberdayaan dan pembelajaran masyarakat PPM maks Rp 7 500 000","PELATIHAN PEMBUATAN TEPUNG BERAS RESISTEN SEBAGAI PANGAN RAMAH DIABETES DI DESA MARGA AGUNG, LAMPUNG SELATAN"
"PENGABDIAN-2884569758298981699","2022","ditolak","Program pemberdayaan dan pembelajaran masyarakat PPM maks Rp 7 500 000","SOSIALISASI PERSONAL HYGIENE MELALUI VISUAL KONTEN KEPADA MASYARAKAT DESA JATIMULYO SEBAGAI LANGKAH PENCEGAHAN PENYEBARAN COVID-19"
"PENGABDIAN-3228333605084161605","2022","ditolak","Program pemberdayaan dan pembelajaran masyarakat PPM maks Rp 7 500 000","Pelatihan Penyusunan Data Berkualitas Dalam Peningkatan Mutu Data di SMP Negeri 1 Kalianda Lampung Selatan"
"PENGABDIAN-3417031768258479724","2022","diterima","Program pemberdayaan dan pembelajaran masyarakat PPM maks Rp 7 500 000","Pelatihan Olah Data dan Analisis Data Statistik dengan JASP untuk Meningkatkan Kompetensi Guru SMPN 1 Kalianda dalam Melaksanakan Penelitian Tindakan Kelas (PTK)"
"PENGABDIAN-5560160433877987448","2022","ditolak","Program pemberdayaan dan pembelajaran masyarakat PPM maks Rp 7 500 000","Pelatihan Penginputan Nilai Siswa Berbasis R-Shiny Package"
"PENGABDIAN-6326513821753170232","2022","diterima","Program pemberdayaan dan pembelajaran masyarakat PPM maks Rp 7 500 000","Sosialiasi Mitigasi dan Potensi Bencana Geologi di SMA Global Madani, Bandar Lampung"
"PENGABDIAN-8947555542102975938","2022","ditolak","Program pemberdayaan dan pembelajaran masyarakat PPM maks Rp 7 500 000","PENERAPAN KIT EKSPERIMEN MANDIRI DAN PANDUANNYA UNTUK MENINGKATKAN PEMAHAMAN SISWA SMA TERHADAP MATA PELAJARAN KIMIA DI MASA PANDEMI COVID-19"
"PENGABDIAN-9002865095657823481","2022","diterima","Program pemberdayaan dan pembelajaran masyarakat PPM maks Rp 7 500 000","PELATIHAN FOTO UDARA DAN PEMBUATAN PETA BANJIR"
"PENGABDIAN-9074114884180558625","2022","diterima","Program pemberdayaan dan pembelajaran masyarakat PPM maks Rp 7 500 000","Pemberdayaan Masyarakat Desa Way Muli Kecamatan Rajabasa (Lampung Selatan) Dalam Mitigasi Bencana Pesisir"
"PENGABDIAN--1154679560584585650","2023","ditolak","Program pemberdayaan dan pembelajaran masyarakat PPM maks Rp 7 500 000","PELATIHAN PEMBUATAN SABUN SULFUR KEPADA KELOMPOK USAHA SMA 16 BANDARLAMPUNG UNTUK MENDUKUNG SEKOLAH SEHAT DAN MANDIRI"
"PENGABDIAN--200602146679299556","2023","diterima","Program pemberdayaan dan pembelajaran masyarakat PPM maks Rp 7 500 000","Perancangan Buku Ilustrasi Pop-Up Pendidikan Seks Usia Dini untuk Mencegah Kekerasan Seksual pada Anak"
"PENGABDIAN--2331319835717428476","2023","diterima","Program pemberdayaan dan pembelajaran masyarakat PPM maks Rp 7 500 000","Sosialisasi Potensi Desa Pesawahan Sebagai Jasa Lingkungan Guna Mendukung Pembangunan Berkelanjutan"
"PENGABDIAN--3226219829085677739","2023","diterima","Program pemberdayaan dan pembelajaran masyarakat PPM maks Rp 7 500 000","SOSIALISASI MITIGASI BENCANA PESISIR UNTUK SISWA SEKOLAH DASAR DI KECAMATAN WAY MULI, LAMPUNG SELATAN"
"PENGABDIAN--388506413999395297","2023","diterima","Program pemberdayaan dan pembelajaran masyarakat PPM maks Rp 7 500 000","SOSIALISASI UPAYA PENINGKATAN PENGELOLAAN SAMPAH DI KELURAHAN SUKARAME BERDASARKAN ANALISIS TIMBULAN "
"PENGABDIAN--5712756000081032607","2023","diterima","Program pemberdayaan dan pembelajaran masyarakat PPM maks Rp 7 500 000","Pelatihan Visualisasi Molekul dan Penggunaan Python Dasar untuk Mendukung Pemahaman Ilmu Kimia di SMA KEBANGSAAN"
"PENGABDIAN--637278924806587559","2023","diterima","Program pemberdayaan dan pembelajaran masyarakat PPM maks Rp 7 500 000","PELATIHAN PEMANFAATAN ENERGI BARU DAN TERBARUKAN BERBASIS INTERNET OF THING (IOT) PADA SISTEM HIDROPONIK DI SMA TUNAS MEKAR INDONESIA BANDAR LAMPUNG"
"PENGABDIAN--6767928558132737220","2023","diusulkan","Program pemberdayaan dan pembelajaran masyarakat PPM maks Rp 7 500 000","Sosialisasi Kesehatan dan Keselamatan Kerja (K3) di SMKN 2 Bandar Lampung"
"PENGABDIAN--7106156555025301851","2023","diterima","Program pemberdayaan dan pembelajaran masyarakat PPM maks Rp 7 500 000","SERVICE LEARNING: OTOMASI INDUSTRI MENGGUNAKAN ROBOT LEGO  DI SMK SMTI BANDAR LAMPUNG"
"PENGABDIAN--7803336845304292532","2023","diterima","Program pemberdayaan dan pembelajaran masyarakat PPM maks Rp 7 500 000","Pembuatan Media Pembelajaran Kartu Kuartet  Astronomi Untuk Pengenalan Sains Atmosfer Dan Keplanetan Untuk Siswa Sekolah Alam Lampung Selatan"
"PENGABDIAN-1487476671492860195","2023","diterima","Program pemberdayaan dan pembelajaran masyarakat PPM maks Rp 7 500 000","Edukasi Penggunaan Suplemen yang Aman dan Pertolongan Pertama Pada Cedera Olahraga bagi Guru Olahraga se-Kota Bandar Lampung"
"PENGABDIAN-1816060391424207667","2023","ditolak","Program pemberdayaan dan pembelajaran masyarakat PPM maks Rp 7 500 000","Pemberdayaan Masyarakat Desa Kunjir Kabupaten Lampung Selatan untuk Peduli Bencana Tsunami"
"PENGABDIAN-2210275313891319550","2023","diterima","Program pemberdayaan dan pembelajaran masyarakat PPM maks Rp 7 500 000","WORKSHOP SISWA DAN GURU SMA BANDAR LAMPUNG TERHADAP PENGENALAN BIOSENSOR BERBASIS POLYMER CONDUCTIVE"
"PENGABDIAN-2894524474494692842","2023","diterima","Program pemberdayaan dan pembelajaran masyarakat PPM maks Rp 7 500 000","Sosialisasi Kemaritiman kepada Masyarakat Umur Produktif di Kalianda, Lampung Selatan"
"PENGABDIAN-3283824322085190349","2023","diterima","Program pemberdayaan dan pembelajaran masyarakat PPM maks Rp 7 500 000","Perancangan Permainan Edukasi untuk Pendidikan Kebencanaan Bagi Anak oleh Relawan Muhmmadiyah Disaster Management Center Lampung"
"PENGABDIAN-358829136927430929","2023","ditolak","Program pemberdayaan dan pembelajaran masyarakat PPM maks Rp 7 500 000","Perancangan Media Kampanye Pencegahan Self-Diagnose Mental Ilness pada Remaja di Bandar Lampung"
"PENGABDIAN-4573519992526313214","2023","diterima","Program pemberdayaan dan pembelajaran masyarakat PPM maks Rp 7 500 000","PENILAIAN KERENTANAN DAN KAPASITAS BENCANA DI KABUPATEN LAMPUNG SELATAN"
"PENGABDIAN-5437201225518977048","2023","diterima","Program pemberdayaan dan pembelajaran masyarakat PPM maks Rp 7 500 000","SOSIALISASI PEMANFAATAN LIMBAH PALA SEBAGAI ECOENZYM, SIRUP, DAN MANISAN DI DESA PAYA KABUPATEN PESAWARAN"
"PENGABDIAN-5580714177833692710","2023","diterima","Program pemberdayaan dan pembelajaran masyarakat PPM maks Rp 7 500 000","PELATIHAN OLAH DATA DAN VISUALISASI DATA STATISTIK DALAM PENINGKATAN KOMPETENSI PERANGKAT DESA BADRAN SARI"
"PENGABDIAN-6374740585291818765","2023","ditolak","Program pemberdayaan dan pembelajaran masyarakat PPM maks Rp 7 500 000","Program SAKTI (Sains Proyek dan Karya Tulis Ilmiah) bagi Siswa Kelas XI di SMA Muhammadiyah 1 Way Jepara, Lampung Timur"
"PENGABDIAN-672520496018227692","2023","diterima","Program pemberdayaan dan pembelajaran masyarakat PPM maks Rp 7 500 000","SOSIALISASI DAN DISKUSI MITIGASI BENCANA DUSUN KUALA JAYA, DESA BANDAR AGUNG, LAMPUNG SELATAN"
"PENGABDIAN-7702039008593608520","2023","diterima","Program pemberdayaan dan pembelajaran masyarakat PPM maks Rp 7 500 000","SOSIALISASI PERSONAL HYGIENE MELALUI VISUAL KONTEN KEPADA MASYARAKAT KELURAHAN PESAWAHAN SEBAGAI LANGKAH PENINGKATAN DERAJAT KESEHATAN "
"PENGABDIAN-8561396102904012395","2023","diterima","Program pemberdayaan dan pembelajaran masyarakat PPM maks Rp 7 500 000","Pelatihan Pembuatan Sabun dari Minyak Goreng Bekas di Desa Gading Rejo, Pringsewu"
"PENGABDIAN-878224756681232088","2023","diterima","Program pemberdayaan dan pembelajaran masyarakat PPM maks Rp 7 500 000","Pencegahan Penyakit Demam Berdarah Dengue (DBD) melalui Kegiatan Penyuluhan dan Pelatihan Pembuatan Spray Repellent Nyamuk dengan Pemanfaatan Serai Wangi (Cymbopogon citratus) di Desa Marga Agung,  Kecamatan Jati Agung, Lampung Selatan"
"PENGABDIAN--1567993728060513715","2022","diterima","Program pengembangan produk unggulan daerah PPUD maks Rp 15 000 000","UPAYA PEMBERDAYAAN WANITA MELALUI PEMBINAAN UMKM DALAM PRODUKSI DAN PEMASARAN PRODUK TURUNAN KAKAO DI DESA KARANG RAJA, LAMPUNG SELATAN"
"PENGABDIAN--3742474040717169290","2022","diterima","Program pengembangan produk unggulan daerah PPUD maks Rp 15 000 000","PERANCANGAN DAN PENGEMBANGAN POTENSI EKONOMI DAN PARIWISATA ALAM PULAU PISANG MELALUI PROGRAM-PROGRAM PROMOSI"
"PENGABDIAN--5794519071205622149","2022","diterima","Program pengembangan produk unggulan daerah PPUD maks Rp 15 000 000","PENGEMBANGAN SNACK BERBASIS IKAN SEBAGAI PRODUK UNGGULAN KELOMPOK BINAAN CIKISA GADING UTARA KABUPATEN PRINGSEWU"
"PENGABDIAN--8485438968857187166","2022","ditolak","Program pengembangan produk unggulan daerah PPUD maks Rp 15 000 000","Visualisasi Sport centre dan Ruang terbuka sosial Desa Bandar Sari Kecamatan Way Tuba Kabupaten Way Kanan Provinsi Lampung"
"PENGABDIAN--900758656705753719","2022","diterima","Program pengembangan produk unggulan daerah PPUD maks Rp 15 000 000","Pengembangan Produk Unggulan Leather Strip dari Buah Pisang Cavendish di Desa Binaan KKN ITERA (Desa Cintamulya, Candipuro, Lampung Selatan)"
"PENGABDIAN-3080814006203900044","2022","ditolak","Program pengembangan produk unggulan daerah PPUD maks Rp 15 000 000","INOVASI PEMASARAN PRODUK UMKM DESA BANDING BERBASIS TEKNOLOGI"
"PENGABDIAN-4793575220085991363","2022","diterima","Program pengembangan produk unggulan daerah PPUD maks Rp 15 000 000","DIVERSIFIKASI KOMODITAS KAKAO DALAM MENDUKUNG PENGEMBANGAN AGROWISATA DI PEKON SUKA MARGA, KABUPATEN LAMPUNG BARAT, PROVINSI LAMPUNG"
"PENGABDIAN-7513002804230818110","2022","ditolak","Program pengembangan produk unggulan daerah PPUD maks Rp 15 000 000","DIVERSIFIKASI KOMODITAS KAKAO DALAM MENDUKUNG  PENGEMBANGAN AGROWISATA DI DESA SUNGAI LANGKA,  KABUPATEN PESAWARAN, PROVINSI LAMPUNG "
"PENGABDIAN--3283346917883923675","2023","diterima","Program pengembangan produk unggulan daerah PPUD maks Rp 15 000 000","Pemberdayaan Usaha Ekonomi Kreatif  Melalui Pendekatan Pelatihan dan Pendampingan Usaha Dengan Bahan Dasar Madu Klanceng Sebagai Produk Nutrasetikal Potensi Daerah  "
"PENGABDIAN--3845143682846105695","2023","ditolak","Program pengembangan produk unggulan daerah PPUD maks Rp 15 000 000","Pengembangan Minuman Fungsional Sari Nabati Berbahan Dasar Jagung dan Kacang-kacangan Sebagai Produk Unggulan Desa Lebung Sari, Lampung Selatan"
"PENGABDIAN--5006497789221778529","2023","diterima","Program pengembangan produk unggulan daerah PPUD maks Rp 15 000 000","Pengembangan Produk Nata Dari Kulit Nanas Lokal dengan Penambahan   Berbagai Sumber Nitrogen Nabati Sebagai Produk Unggulan UMKM KWT Ulet"
"PENGABDIAN--5990834342423143531","2023","diterima","Program pengembangan produk unggulan daerah PPUD maks Rp 15 000 000","Pengembangan Produk Fermentasi Tradisional Bekasam dari Ikan Teri Sebagai Bahan Tambahan Pangan Fungsional Untuk Tempura pada UMKM Cikwo Bandar Lampung"
"PENGABDIAN--6834527833152053583","2023","diterima","Program pengembangan produk unggulan daerah PPUD maks Rp 15 000 000","E.Co Herbal: Suplemen Organik dari Olahan Rumput Laut Merah asal Desa Ruguk, Kec. Ketapang, Lampung Selatan"
"PENGABDIAN-3386989980559778052","2023","diterima","Program pengembangan produk unggulan daerah PPUD maks Rp 15 000 000","Rekayasa Nilai Tambah Kulit Kakao untuk Kemandirian  Masyarakat melalui Pengembangan Produk Unggulan Kreatif Cookies dan Krupuk Kulit Kakao "
"PENGABDIAN-4002683751547596137","2023","diterima","Program pengembangan produk unggulan daerah PPUD maks Rp 15 000 000","PENGEMBANGAN POTENSI EKONOMI UMKM MELALUI PERANCANGAN STANDARISASI LINGKUNGAN FISIK KERJA PROSES PRODUKSI KERUPUK IKAN PALEMBANG PD. CITRA TRADIA GUNA MEMENUHI SERTIFIKAT LAIK HIGIENE SANITASI (SLHS) UNTUK SERTIFIKASI HALAL"
"PENGABDIAN-4265795989787401102","2023","diterima","Program pengembangan produk unggulan daerah PPUD maks Rp 15 000 000","PENGEMBANGAN PRODUK SELAI LEMBARAN BERBASIS PEPAYA SEBAGAI PRODUK UNGGULAN  UMKM DAPUR IBU YANTI,  BANDAR LAMPUNG"
"PENGABDIAN-7186619534901092993","2023","ditolak","Program pengembangan produk unggulan daerah PPUD maks Rp 15 000 000","Pelatihanan dan Pemberdayaan Masyarakat dalam Pemanfaatan Bekatul (Rice Bran) Menjadi Produk Pangan Alternatif Biscuit Bekatul (“Brannew-Cookie”) yang Berkhasiat Membantu Menurunkan Berat Badan dan Kolesterol"
"PENGABDIAN-7448714765487287768","2023","diterima","Program pengembangan produk unggulan daerah PPUD maks Rp 15 000 000","Pengembangan Mi Kering Berbasis Ikan untuk Pencegahan Stunting di Kelompok Cikisa Gading Utara Kabupaten Pringsewu"
"PENGABDIAN-8374362599615228628","2023","diterima","Program pengembangan produk unggulan daerah PPUD maks Rp 15 000 000","“POLLY (PORANG JELLY)”: Kudapan Antikolesterol sebagai Inovasi Produk Unggulan Khas Pekon Bumiayu, Kabupaten Pringsewu, Provinsi Lampung"
"PENGABDIAN-8578296339762329778","2023","diterima","Program pengembangan produk unggulan daerah PPUD maks Rp 15 000 000","Penerapan Edible Film dari Singkong sebagai Kemasan Primer Ramah Lingkungan pada Produk UMKM Kopi 49"
"PENGABDIAN-986677115569439493","2023","diterima","Program pengembangan produk unggulan daerah PPUD maks Rp 15 000 000","Pengembangan Inovasi Produk Limbah Organik Eco-enzyme di Kecamatan Way Jepara Lampung Timur"
"PENGABDIAN--1250297545925617448","2022","ditolak","Program teknologi tepat guna TTG maks Rp 20 000 000","Penerapan Smart Fish Aggregating Device Berbasis Bioakustik sebagai Upaya Peningkatan Produksi Tangkapan Ikan dan Pengembangan Desa Wisata Lumba-Lumba selama Masa Pandemi Covid-19 di Teluk Kiluan, Desa Kiluan Negeri, Kabupaten Tanggamus, Lampung"
"PENGABDIAN--1351841050017762963","2022","diusulkan","Program teknologi tepat guna TTG maks Rp 20 000 000","PERANCANGAN SISTEM INFORMASI ORGANISASI PKK DESA SABAH BALAU BERBASIS WEBSITE DENGAN METODE DIGITAL MARKETING UNTUK PENJUALAN LAPAK"
"PENGABDIAN--1465810190026887404","2022","diterima","Program teknologi tepat guna TTG maks Rp 20 000 000","Penerapan Teknologi Microbubble Generator dalam Pengolahan Limbah Cair Kotoran Sapi Sanjaya Farm"
"PENGABDIAN--1468784747091674244","2022","diterima","Program teknologi tepat guna TTG maks Rp 20 000 000","Implementasi, Pelatihan, dan Sosialisasi Penggunaan Sistem Informasi Database OAIL"
"PENGABDIAN--1933013883382947431","2022","diterima","Program teknologi tepat guna TTG maks Rp 20 000 000","Sistem Monitoring Kualitas Air dengan Sistem Bioflok Berbasis Internet of Things (IoT) di Pembudidaya Ikan Pringsewu, Lampung"
"PENGABDIAN--2179364328288399103","2022","ditolak","Program teknologi tepat guna TTG maks Rp 20 000 000","SOLUSI PAKAN IKAN ALTERNATIF UNTUK KELOMPOK PEMBUDIDAYA IKAN MINA POLAH ABADI – BANDAR AGUNG,  TERUSAN NUNYAI, KAB. LAMPUNG TENGAH"
"PENGABDIAN--2620153533851989029","2022","ditolak","Program teknologi tepat guna TTG maks Rp 20 000 000","Pengenalan Pengelolaan Sampah Dengan Metode Takakura"
"PENGABDIAN--2848353329367801222","2022","diterima","Program teknologi tepat guna TTG maks Rp 20 000 000","Pengembangan Taman Laut Kiluan Tahap 2 Melalui Propagasi Karang Dengan Metode Web Spider di Desa Kiluan Negeri,  Kabupaten Tanggamus, Lampung"
"PENGABDIAN--2975997907251382209","2022","diterima","Program teknologi tepat guna TTG maks Rp 20 000 000"," PENERAPAN SISTEM PERMACULTURE SEBAGAI UPAYA PEMANFAATAN LAHAN SEMPIT UNTUK PENINGKATAN EKONOMI KELUARGA DI KELOMPOK WANITA TANI BINAAN P4S TANI'S MARKET BALEREJO"
"PENGABDIAN--2990211161704074674","2022","diterima","Program teknologi tepat guna TTG maks Rp 20 000 000","Pemanfaatan Kotoran Sapi sebagai Sumber Energi Penghasil Biogas di Kampung Totokaton, Lampung Tengah                                              "
"PENGABDIAN--385402926397704402","2022","ditolak","Program teknologi tepat guna TTG maks Rp 20 000 000","PERANCANGAN PORTAL BANK SAMPAH LESTARI SEJAHTERA BERBASIS WEBSITE"
"PENGABDIAN--4437119416710053749","2022","diterima","Program teknologi tepat guna TTG maks Rp 20 000 000","TTG: Penerapan Konservasi Energi Listrik dengan Teknologi IoT di SMP IT Al Kholis Sidomulyo Lampung Selatan"
"PENGABDIAN--4569902624368779374","2022","ditolak","Program teknologi tepat guna TTG maks Rp 20 000 000","Filterisasi Air dari Rain Water Harvesting SMA Tunas Mekar Indonesia"
"PENGABDIAN--4704420789179675239","2022","ditolak","Program teknologi tepat guna TTG maks Rp 20 000 000","PENERAPAN PANEL SURYA SEBAGAI SUMBER ENERGI ALTERNATIF DALAM MENGATASI KEKURANGAN PASOKAN LISTRIK DI DUSUN ROWO LINTAH"
"PENGABDIAN--5330964707822395081","2022","ditolak","Program teknologi tepat guna TTG maks Rp 20 000 000","PENERAPAN TEKNIK BUDIDAYA JAMUR KONSUMSI SEBAGAI UPAYA PEMULIHAN EKONOMI MASYARAKAT PASCA PANDEMI DI PASIR SAKTI, LAMPUNG TIMUR"
"PENGABDIAN--635038545495811770","2022","diterima","Program teknologi tepat guna TTG maks Rp 20 000 000","Pengembangan Perangkat Edukasi Manajemen Tanggap Bencana Tsunami di Desa Banding."
"PENGABDIAN--7266159906252348005","2022","diterima","Program teknologi tepat guna TTG maks Rp 20 000 000","Sosialisasi Dan Demonstrasi Pembuatan Filter Air"
"PENGABDIAN--7512520631221803340","2022","ditolak","Program teknologi tepat guna TTG maks Rp 20 000 000","PkM Penerapan Boneka Terintegrasi IoT untuk Stimulus Dan Monitoring Bicara Pada Anak Berkebutuhan Khusus (ABK) di SLB Negeri PKK Provinsi Lampung  "
"PENGABDIAN--840111743729741335","2022","ditolak","Program teknologi tepat guna TTG maks Rp 20 000 000","Sumur Resapan di Gedung Sekolah SDN 02 Gunung Terang dalam Upaya Konservasi Air Tanah"
"PENGABDIAN-149401462265224815","2022","ditolak","Program teknologi tepat guna TTG maks Rp 20 000 000","PERANCANGAN DAN PENGEMBANGAN UMKM IKAN MARLIN ASAP GUNA MEINGKATKAN EKONOMI MASYARAKAT PULAU PISANG"
"PENGABDIAN-253253765671054351","2022","diterima","Program teknologi tepat guna TTG maks Rp 20 000 000","PEMBERDAYAAN MASYARAKAT SEKITAR HUTAN MELALUI APLIKASI SISTEM BARCODING POHON SONOKELING SEBAGAI UPAYA PENANGGULANGAN BENCANA SOSIAL KEHUTANAN DI TAMAN HUTAN RAYA WAN ABDUL RAHMAN PROVINSI LAMPUNG"
"PENGABDIAN-2904751035221328652","2022","ditolak","Program teknologi tepat guna TTG maks Rp 20 000 000","Penerapan Pertanian Terpadu dengan Sistem Monitoring Suhu Berbasis Mikrokontroler pada Budidaya Akuaponik Di Desa Sukabanjar Kabupaten Pesawaran"
"PENGABDIAN-5880760882746429402","2022","diterima","Program teknologi tepat guna TTG maks Rp 20 000 000","PENGOMPOSAN DAUN DAN LIMBAH DAPUR RUMAH TANGGA MENGGUNAKAN ROTARY BIOCOMPOSTER "
"PENGABDIAN-6104708424796618141","2022","diterima","Program teknologi tepat guna TTG maks Rp 20 000 000","Penerapan Sistem Otomasi Pada Alat Semprot Pestisida Cair Menggunakan Metode Pendekatan Ergonomi Sebagai Alat Bantu Pertanian Dan Perkebunan Pada Kelompok Tani Jatisari Lampung Selatan"
"PENGABDIAN-6633599605346220301","2022","diterima","Program teknologi tepat guna TTG maks Rp 20 000 000","PEMBUATAN TUNGKU REAKTOR KARBONISASI LIMBAH TEMPURUNG KELAPA DAN DISTILASI ASAP CAIR DI DESA MUARA PUTIH – NATAR"
"PENGABDIAN-6818507140427387292","2022","diterima","Program teknologi tepat guna TTG maks Rp 20 000 000"," Sistem Kendali Tanaman Hidroponik dengan Internet of Things di Kelompok Tani Hidroponik Tulang Bawang Barat"
"PENGABDIAN-7141774418956521585","2022","ditolak","Program teknologi tepat guna TTG maks Rp 20 000 000","Digitalisasi Informasi Desa Untuk Menunjang Pelayanan Administrasi yang Efektif di Masa Pandemi Covid 19 Desa Astra Ksetra"
"PENGABDIAN-7709501289716213626","2022","diterima","Program teknologi tepat guna TTG maks Rp 20 000 000","PEMBUATAN PETA DIGITAL BERBASIS DATA SPASIAL DI KELURAHAN SUMBER AGUNG, KECAMATAN KEMILING, KOTA BANDAR LAMPUNG"
"PENGABDIAN-7761538125765979028","2022","diterima","Program teknologi tepat guna TTG maks Rp 20 000 000","Penerapan Sistem Pemanenan Air Hujan Sebagai Alternatif Air Bersih di SD N 02 Gunung Terang"
"PENGABDIAN--1611541309506617162","2023","diterima","Program teknologi tepat guna TTG maks Rp 20 000 000","Optimalisasi Budidaya Udang Vaname di Tambak Kecamatan Pasir Sakti melalui Pemanfaatan Material Geomembrane"
"PENGABDIAN--1860907640505153972","2023","diterima","Program teknologi tepat guna TTG maks Rp 20 000 000","Pengembangan Perangkat Smart Lighting  Untuk Penerangan Jalan Desa Neglasari"
"PENGABDIAN--1918572381924090896","2023","ditolak","Program teknologi tepat guna TTG maks Rp 20 000 000","Pembuatan Perforated Tray Aerator Sederhana dalam Penurunan Kadar Kesadahan, Besi (Fe), dan Mangan (Mn) pada Air Sumur Gali Kecamatan Candipuro, Kabupaten Lampung Selatan"
"PENGABDIAN--2948268771972319410","2023","ditolak","Program teknologi tepat guna TTG maks Rp 20 000 000","PENGEMBANGAN POTENSI EKONOMI UMKM MELELUI PERANCANGAN ALAT PEMBENTUKAN LENJER KERUPUK IKAN PALEMBANG DI PD. CITRA TRADIA"
"PENGABDIAN--2991047847037033560","2023","diterima","Program teknologi tepat guna TTG maks Rp 20 000 000","Digitalisasi Informasi Sebagai Penunjang Efektivitas Pelayanan Administrasi Koperasi Argo Mulyo Lestari, Giri Mulyo"
"PENGABDIAN--3192633572083164573","2023","ditolak","Program teknologi tepat guna TTG maks Rp 20 000 000","Rekayasa Teknologi Food Dehydrator dalam Upaya Peningkatan Efisiensi Pengeringan Mocaf di IKM Surya Sentosa"
"PENGABDIAN--3406363546034864379","2023","diterima","Program teknologi tepat guna TTG maks Rp 20 000 000","PENGEMBANGAN BIOGAS TIPE FIX DOME & PENGOLAHAN BIOSLURRY MENJADI PUPUK PADA KELOMPOK TERNAK SEPAKAT MAKMUR BERSAMA"
"PENGABDIAN--3579352345140649567","2023","ditolak","Program teknologi tepat guna TTG maks Rp 20 000 000","PELATIHAN TEKNOLOGI SEDERHANA PROSES PEMBUATAN PRODUK SHIBORI DENGAN PEWARNA ALAM"
"PENGABDIAN--3943133706291164576","2023","diterima","Program teknologi tepat guna TTG maks Rp 20 000 000","DESA MAJU BERBASIS TEKNOLOGI INFORMASI GEOSPASIAL MELALUI PEMETAAN SISTEM INFORMASI UTILITAS BANGUNAN LENGKAP (STUDI KASUS : DUSUN II A, DESA KARANG ANYAR)"
"PENGABDIAN--4090229599369579724","2023","ditolak","Program teknologi tepat guna TTG maks Rp 20 000 000","PKM Desa Mandiri Energi Melalui Produksi Biogas Berbasis Internet of Things (IOT) di Desa Talang Way Sulan, Kec. Way Sulan, Lampung Selatan"
"PENGABDIAN--4258547770771350241","2023","diterima","Program teknologi tepat guna TTG maks Rp 20 000 000","PENERAPAN TEKNOLOGI PENGELOLAAN LIMBAH  PELEPAH KELAPA SAWIT UNTUK BUDIDAYA JAMUR  DI DESA SABAH BALAU - LAMPUNG SELATAN"
"PENGABDIAN--464388774200394740","2023","diterima","Program teknologi tepat guna TTG maks Rp 20 000 000","Pendampingan UMKM Batik Siger dalam Pemenuham Sistem Green Industri sesuai Pedoman Peraturan Menteri Perindustrian No.39 Tahun 2019"
"PENGABDIAN--4860863885393143779","2023","ditolak","Program teknologi tepat guna TTG maks Rp 20 000 000","Peningkatan Efisiensi Produksi dan Omzet Penjualan UMKM Batik Siger dengan Pemanfaatan Sistem Informasi Manajemen Persediaan Berbasis Demand Forecasting"
"PENGABDIAN--5003918815152159764","2023","diterima","Program teknologi tepat guna TTG maks Rp 20 000 000","Rancangan Alat Bantu Pemupukan Pekerja Tani Singkong (Cassava)"
"PENGABDIAN--6167653902711944211","2023","diterima","Program teknologi tepat guna TTG maks Rp 20 000 000","Pemanfaatan Informasi Geofisika untuk Eksplorasi Air Tanah dan Sistem Resapan Air untuk Pemulihan Akuifer di Desa Bangun Rejo, Kec Ketapang, Kab Lampung Selatan"
"PENGABDIAN--6987141273221456824","2023","diterima","Program teknologi tepat guna TTG maks Rp 20 000 000","TTG: Penerapan Embedded Vison untuk Surveillance System dan Mobile Computing untuk Pembayaran SPP di SMA IT Al Kholis Sidomulyo Lampung Selatan"
"PENGABDIAN--9015710794608122552","2023","diterima","Program teknologi tepat guna TTG maks Rp 20 000 000","PENGAPLIKASIAN TEKNOLOGI TEPAT GUNA (TTG) SUMUR RESAPAN DALAM MENGATASI BANJIR DI JALAN PALAPA X, RT. 05, LK. III, KELURAHAN GUNUNG TERANG, KECAMATAN LANGKAPURA, KOTA BANDAR LAMPUNG"
"PENGABDIAN-1913830782441530382","2023","ditolak","Program teknologi tepat guna TTG maks Rp 20 000 000","PENERAPAN SISTEM OTOMASI PAKAN AYAM BERBASIS IOT PADA BUDIDAYA AYAM KAMPUNG UNGGUL BALITBANGTAN DI PETANI BINAAN P4S TANI'S MARKET BALEREJO"
"PENGABDIAN-2104520160098822658","2023","ditolak","Program teknologi tepat guna TTG maks Rp 20 000 000","PERANCANGAN SISTEM INFORMASI ORGANISASI PKK DESA SABAH BALAU BERBASIS WEBSITE DENGAN METODE DIGITAL MARKETING UNTUK PENJUALAN LAPAK"
"PENGABDIAN-277563710111011724","2023","ditolak","Program teknologi tepat guna TTG maks Rp 20 000 000","PENGOLAHAN LIMBAH PERTANIAN DENGAN TEKNOLOGI “KOMBO” (KOMPOSTER DAN BIOSTARTER) BERBASIS BIOFERMENTASI UNTUK MEWUJUDKAN PERTANIAN ORGANIK"
"PENGABDIAN-3443373580310498143","2023","diterima","Program teknologi tepat guna TTG maks Rp 20 000 000","PROPOSAL HIBAH PENGABDIAN KEPADA MASYARAKAT IMPLEMENTASI TEKNOLOGI HASIL OLAHAN LIMBAH SAYUR DAN BUAH DALAM BENTUK PUPUK ORGANIK CAIR (POCI)"
"PENGABDIAN-3627393430336246427","2023","ditolak","Program teknologi tepat guna TTG maks Rp 20 000 000","Produksi Ecoenzyme sebagai Perawatan Kesehatan Kulit Berbasis Sampah Rumah Tangga pada Ibu PKK di Desa Totokaton, Kecamatan Punggur, Lampung Tengah "
"PENGABDIAN-4195459443456102198","2023","ditolak","Program teknologi tepat guna TTG maks Rp 20 000 000","PELATIHAN FOTOGRAFI PRODUK PROSES PEMBUATAN FOTOBOX BAGI PELAKU USAHA DI LAPAS"
"PENGABDIAN-4549970189812788741","2023","ditolak","Program teknologi tepat guna TTG maks Rp 20 000 000","Penerapan Aplikasi Realtime Tracking Sebagai Pemandu Peta Persebaran Satwa Liar Guna Meningkatan Daya Tarik Wisata di Taman Hutan Raya Wan Abdul Rahman Provinsi Lampung"
"PENGABDIAN-4612029425614446816","2023","ditolak","Program teknologi tepat guna TTG maks Rp 20 000 000","Peningkatan Kompetensi KTH Mutiara Hijau 1 dalam Mengelola Bahan Bangunan Berkayu di Ekowisata Mangrove Pasir Sakti, Lampung Timur melalui Aplikasi Teknologi Laminasi"
"PENGABDIAN-5023008187534297999","2023","ditolak","Program teknologi tepat guna TTG maks Rp 20 000 000","Sistem Moniroting produksi dan penggunaan berbasis IoT sebagai Upaya Manajemen Pemeliharaan Biogas di Dusun digul "
"PENGABDIAN-5267779991817664571","2023","ditolak","Program teknologi tepat guna TTG maks Rp 20 000 000","INTEGRASI PENYEDIAAN TEKNOLOGI INFORMASI GEOSPASIAL BERBASIS FOTO UDARA UNTUK MENUNJANG KAPASITAS ECO WISATA MANGROVE CUKUNYINYI, PESAWARAN"
"PENGABDIAN-5290420940073989661","2023","diterima","Program teknologi tepat guna TTG maks Rp 20 000 000","Penerapan Pertanian Terpadu Dengan Sistem Pemberian Pakan Otomatis Berbasis Mikrokontroler Pada Budidaya Akuaponik Di P4S Agro Cendikia"
"PENGABDIAN-6239085482598053926","2023","diterima","Program teknologi tepat guna TTG maks Rp 20 000 000","Perwujudan Open Goevernment Desa Neglasari Melalui Pengembangan Sisten Informasi Desa"
"PENGABDIAN-6370825822684249778","2023","ditolak","Program teknologi tepat guna TTG maks Rp 20 000 000","Penerapan Teknologi Produksi Virgin Coconut Oil (VCO) menggunakan CSTF (Continuous Stirred Tank Fermentor) di Desa Negeri Katon, Lampung Timur "
"PENGABDIAN-6487609486853050918","2023","diterima","Program teknologi tepat guna TTG maks Rp 20 000 000","Pembuatan Sumur Resapan dan Lubang Resapan Biopori untuk Konservasi Air Tanah di Desa Sukoharjo 3 Barat, Kabupaten Pringsewu"
"PENGABDIAN-8096210958829487832","2023","diterima","Program teknologi tepat guna TTG maks Rp 20 000 000","PEMUTAKHIRAN PETA FOTO UDARA DESA GIRIMULYO UNTUK MENDUKUNG PENGEMBANGAN DESA AGROFORESTRI BERBASIS INFORMASI GEOSPASIAL"
